Trafikkregistreringspunkt;Navn;Vegreferanse;Fra;Til;År;Måned;Trafikkmengde;Konfidensintervall start;Konfidensintervall slutt
01057V1109432;Hansine Hansens veg;KV12650 S2D1 m20;2022-01-01T00:00+01:00;2022-02-01T00:00+01:00;2022;1;1425;1184;1666
01057V1109432;Hansine Hansens veg;KV12650 S2D1 m20;2022-01-01T00:00+01:00;2022-02-01T00:00+01:00;2022;1;1553;1279;1827
01057V1109432;Hansine Hansens veg;KV12650 S2D1 m20;2022-01-01T00:00+01:00;2022-02-01T00:00+01:00;2022;1;1553;1279;1827
01057V1109432;Hansine Hansens veg;KV12650 S2D1 m20;2022-01-01T00:00+01:00;2022-02-01T00:00+01:00;2022;1;1425;1185;1665
01057V1109432;Hansine Hansens veg;KV12650 S2D1 m20;2022-01-01T00:00+01:00;2022-02-01T00:00+01:00;2022;1;2978;2464;3492
01057V1109432;Hansine Hansens veg;KV12650 S2D1 m20;2022-02-01T00:00+01:00;2022-03-01T00:00+01:00;2022;2;1716;1433;1999
01057V1109432;Hansine Hansens veg;KV12650 S2D1 m20;2022-02-01T00:00+01:00;2022-03-01T00:00+01:00;2022;2;1851;1535;2167
01057V1109432;Hansine Hansens veg;KV12650 S2D1 m20;2022-02-01T00:00+01:00;2022-03-01T00:00+01:00;2022;2;1852;1536;2168
01057V1109432;Hansine Hansens veg;KV12650 S2D1 m20;2022-02-01T00:00+01:00;2022-03-01T00:00+01:00;2022;2;1715;1432;1998
01057V1109432;Hansine Hansens veg;KV12650 S2D1 m20;2022-02-01T00:00+01:00;2022-03-01T00:00+01:00;2022;2;3566;2967;4165
01057V1109432;Hansine Hansens veg;KV12650 S2D1 m20;2022-03-01T00:00+01:00;2022-04-01T00:00+02:00;2022;3;1835;1563;2107
01057V1109432;Hansine Hansens veg;KV12650 S2D1 m20;2022-03-01T00:00+01:00;2022-04-01T00:00+02:00;2022;3;1946;1647;2245
01057V1109432;Hansine Hansens veg;KV12650 S2D1 m20;2022-03-01T00:00+01:00;2022-04-01T00:00+02:00;2022;3;1946;1647;2245
01057V1109432;Hansine Hansens veg;KV12650 S2D1 m20;2022-03-01T00:00+01:00;2022-04-01T00:00+02:00;2022;3;1835;1564;2106
01057V1109432;Hansine Hansens veg;KV12650 S2D1 m20;2022-03-01T00:00+01:00;2022-04-01T00:00+02:00;2022;3;3781;3211;4351
01057V1109432;Hansine Hansens veg;KV12650 S2D1 m20;2022-04-01T00:00+02:00;2022-05-01T00:00+02:00;2022;4;1476;1172;1780
01057V1109432;Hansine Hansens veg;KV12650 S2D1 m20;2022-04-01T00:00+02:00;2022-05-01T00:00+02:00;2022;4;1586;1251;1921
01057V1109432;Hansine Hansens veg;KV12650 S2D1 m20;2022-04-01T00:00+02:00;2022-05-01T00:00+02:00;2022;4;1586;1251;1921
01057V1109432;Hansine Hansens veg;KV12650 S2D1 m20;2022-04-01T00:00+02:00;2022-05-01T00:00+02:00;2022;4;1476;1172;1780
01057V1109432;Hansine Hansens veg;KV12650 S2D1 m20;2022-04-01T00:00+02:00;2022-05-01T00:00+02:00;2022;4;3062;2423;3701
01057V1109432;Hansine Hansens veg;KV12650 S2D1 m20;2022-05-01T00:00+02:00;2022-06-01T00:00+02:00;2022;5;1612;1349;1875
01057V1109432;Hansine Hansens veg;KV12650 S2D1 m20;2022-05-01T00:00+02:00;2022-06-01T00:00+02:00;2022;5;1707;1415;1999
01057V1109432;Hansine Hansens veg;KV12650 S2D1 m20;2022-05-01T00:00+02:00;2022-06-01T00:00+02:00;2022;5;1708;1416;2000
01057V1109432;Hansine Hansens veg;KV12650 S2D1 m20;2022-05-01T00:00+02:00;2022-06-01T00:00+02:00;2022;5;1612;1349;1875
01057V1109432;Hansine Hansens veg;KV12650 S2D1 m20;2022-05-01T00:00+02:00;2022-06-01T00:00+02:00;2022;5;3319;2764;3874
01057V1109432;Hansine Hansens veg;KV12650 S2D1 m20;2022-06-01T00:00+02:00;2022-07-01T00:00+02:00;2022;6;1437;1218;1656
01057V1109432;Hansine Hansens veg;KV12650 S2D1 m20;2022-06-01T00:00+02:00;2022-07-01T00:00+02:00;2022;6;1521;1278;1764
01057V1109432;Hansine Hansens veg;KV12650 S2D1 m20;2022-06-01T00:00+02:00;2022-07-01T00:00+02:00;2022;6;1521;1278;1764
01057V1109432;Hansine Hansens veg;KV12650 S2D1 m20;2022-06-01T00:00+02:00;2022-07-01T00:00+02:00;2022;6;1437;1218;1656
01057V1109432;Hansine Hansens veg;KV12650 S2D1 m20;2022-06-01T00:00+02:00;2022-07-01T00:00+02:00;2022;6;2958;2496;3420
01057V1109432;Hansine Hansens veg;KV12650 S2D1 m20;2022-07-01T00:00+02:00;2022-08-01T00:00+02:00;2022;7;695;600;790
01057V1109432;Hansine Hansens veg;KV12650 S2D1 m20;2022-07-01T00:00+02:00;2022-08-01T00:00+02:00;2022;7;715;611;819
01057V1109432;Hansine Hansens veg;KV12650 S2D1 m20;2022-07-01T00:00+02:00;2022-08-01T00:00+02:00;2022;7;718;614;822
01057V1109432;Hansine Hansens veg;KV12650 S2D1 m20;2022-07-01T00:00+02:00;2022-08-01T00:00+02:00;2022;7;693;598;788
01057V1109432;Hansine Hansens veg;KV12650 S2D1 m20;2022-07-01T00:00+02:00;2022-08-01T00:00+02:00;2022;7;1411;1213;1609
01057V1109432;Hansine Hansens veg;KV12650 S2D1 m20;2022-08-01T00:00+02:00;2022-09-01T00:00+02:00;2022;8;1384;1122;1646
01057V1109432;Hansine Hansens veg;KV12650 S2D1 m20;2022-08-01T00:00+02:00;2022-09-01T00:00+02:00;2022;8;1363;1098;1628
01057V1109432;Hansine Hansens veg;KV12650 S2D1 m20;2022-08-01T00:00+02:00;2022-09-01T00:00+02:00;2022;8;1364;1099;1629
01057V1109432;Hansine Hansens veg;KV12650 S2D1 m20;2022-08-01T00:00+02:00;2022-09-01T00:00+02:00;2022;8;1384;1123;1645
01057V1109432;Hansine Hansens veg;KV12650 S2D1 m20;2022-08-01T00:00+02:00;2022-09-01T00:00+02:00;2022;8;2748;2222;3274
01057V1109432;Hansine Hansens veg;KV12650 S2D1 m20;2022-09-01T00:00+02:00;2022-10-01T00:00+02:00;2022;9;1753;1485;2021
01057V1109432;Hansine Hansens veg;KV12650 S2D1 m20;2022-09-01T00:00+02:00;2022-10-01T00:00+02:00;2022;9;1817;1534;2100
01057V1109432;Hansine Hansens veg;KV12650 S2D1 m20;2022-09-01T00:00+02:00;2022-10-01T00:00+02:00;2022;9;1818;1535;2101
01057V1109432;Hansine Hansens veg;KV12650 S2D1 m20;2022-09-01T00:00+02:00;2022-10-01T00:00+02:00;2022;9;1752;1484;2020
01057V1109432;Hansine Hansens veg;KV12650 S2D1 m20;2022-09-01T00:00+02:00;2022-10-01T00:00+02:00;2022;9;3570;3019;4121
01057V1109432;Hansine Hansens veg;KV12650 S2D1 m20;2022-10-01T00:00+02:00;2022-11-01T00:00+01:00;2022;10;1643;1369;1917
01057V1109432;Hansine Hansens veg;KV12650 S2D1 m20;2022-10-01T00:00+02:00;2022-11-01T00:00+01:00;2022;10;1734;1438;2030
01057V1109432;Hansine Hansens veg;KV12650 S2D1 m20;2022-10-01T00:00+02:00;2022-11-01T00:00+01:00;2022;10;1734;1438;2030
01057V1109432;Hansine Hansens veg;KV12650 S2D1 m20;2022-10-01T00:00+02:00;2022-11-01T00:00+01:00;2022;10;1642;1369;1915
01057V1109432;Hansine Hansens veg;KV12650 S2D1 m20;2022-10-01T00:00+02:00;2022-11-01T00:00+01:00;2022;10;3376;2806;3946
01057V1109432;Hansine Hansens veg;KV12650 S2D1 m20;2022-11-01T00:00+01:00;2022-12-01T00:00+01:00;2022;11;1738;1478;1998
01057V1109432;Hansine Hansens veg;KV12650 S2D1 m20;2022-11-01T00:00+01:00;2022-12-01T00:00+01:00;2022;11;1863;1575;2151
01057V1109432;Hansine Hansens veg;KV12650 S2D1 m20;2022-11-01T00:00+01:00;2022-12-01T00:00+01:00;2022;11;1864;1576;2152
01057V1109432;Hansine Hansens veg;KV12650 S2D1 m20;2022-11-01T00:00+01:00;2022-12-01T00:00+01:00;2022;11;1736;1476;1996
01057V1109432;Hansine Hansens veg;KV12650 S2D1 m20;2022-11-01T00:00+01:00;2022-12-01T00:00+01:00;2022;11;3601;3053;4149
01057V1109432;Hansine Hansens veg;KV12650 S2D1 m20;2022-12-01T00:00+01:00;2023-01-01T00:00+01:00;2022;12;1293;1020;1566
01057V1109432;Hansine Hansens veg;KV12650 S2D1 m20;2022-12-01T00:00+01:00;2023-01-01T00:00+01:00;2022;12;1404;1109;1699
01057V1109432;Hansine Hansens veg;KV12650 S2D1 m20;2022-12-01T00:00+01:00;2023-01-01T00:00+01:00;2022;12;1404;1108;1700
01057V1109432;Hansine Hansens veg;KV12650 S2D1 m20;2022-12-01T00:00+01:00;2023-01-01T00:00+01:00;2022;12;1293;1020;1566
01057V1109432;Hansine Hansens veg;KV12650 S2D1 m20;2022-12-01T00:00+01:00;2023-01-01T00:00+01:00;2022;12;2697;2128;3266
01057V1109432;Hansine Hansens veg;KV12650 S2D1 m20;2023-01-01T00:00+01:00;2023-02-01T00:00+01:00;2023;1;1385;1173;1597
01057V1109432;Hansine Hansens veg;KV12650 S2D1 m20;2023-01-01T00:00+01:00;2023-02-01T00:00+01:00;2023;1;1496;1261;1731
01057V1109432;Hansine Hansens veg;KV12650 S2D1 m20;2023-01-01T00:00+01:00;2023-02-01T00:00+01:00;2023;1;1497;1262;1732
01057V1109432;Hansine Hansens veg;KV12650 S2D1 m20;2023-01-01T00:00+01:00;2023-02-01T00:00+01:00;2023;1;1384;1172;1596
01057V1109432;Hansine Hansens veg;KV12650 S2D1 m20;2023-01-01T00:00+01:00;2023-02-01T00:00+01:00;2023;1;2881;2434;3328
01057V1109432;Hansine Hansens veg;KV12650 S2D1 m20;2023-02-01T00:00+01:00;2023-03-01T00:00+01:00;2023;2;1485;1260;1710
01057V1109432;Hansine Hansens veg;KV12650 S2D1 m20;2023-02-01T00:00+01:00;2023-03-01T00:00+01:00;2023;2;1583;1335;1831
01057V1109432;Hansine Hansens veg;KV12650 S2D1 m20;2023-02-01T00:00+01:00;2023-03-01T00:00+01:00;2023;2;1584;1336;1832
01057V1109432;Hansine Hansens veg;KV12650 S2D1 m20;2023-02-01T00:00+01:00;2023-03-01T00:00+01:00;2023;2;1484;1259;1709
01057V1109432;Hansine Hansens veg;KV12650 S2D1 m20;2023-02-01T00:00+01:00;2023-03-01T00:00+01:00;2023;2;3068;2596;3540
01057V1109432;Hansine Hansens veg;KV12650 S2D1 m20;2023-03-01T00:00+01:00;2023-04-01T00:00+02:00;2023;3;1454;1243;1665
01057V1109432;Hansine Hansens veg;KV12650 S2D1 m20;2023-03-01T00:00+01:00;2023-04-01T00:00+02:00;2023;3;1560;1331;1789
01057V1109432;Hansine Hansens veg;KV12650 S2D1 m20;2023-03-01T00:00+01:00;2023-04-01T00:00+02:00;2023;3;1561;1332;1790
01057V1109432;Hansine Hansens veg;KV12650 S2D1 m20;2023-03-01T00:00+01:00;2023-04-01T00:00+02:00;2023;3;1454;1243;1665
01057V1109432;Hansine Hansens veg;KV12650 S2D1 m20;2023-03-01T00:00+01:00;2023-04-01T00:00+02:00;2023;3;3015;2575;3455
01057V1109432;Hansine Hansens veg;KV12650 S2D1 m20;2023-04-01T00:00+02:00;2023-05-01T00:00+02:00;2023;4;1193;944;1442
01057V1109432;Hansine Hansens veg;KV12650 S2D1 m20;2023-04-01T00:00+02:00;2023-05-01T00:00+02:00;2023;4;1259;993;1525
01057V1109432;Hansine Hansens veg;KV12650 S2D1 m20;2023-04-01T00:00+02:00;2023-05-01T00:00+02:00;2023;4;1259;993;1525
01057V1109432;Hansine Hansens veg;KV12650 S2D1 m20;2023-04-01T00:00+02:00;2023-05-01T00:00+02:00;2023;4;1193;944;1442
01057V1109432;Hansine Hansens veg;KV12650 S2D1 m20;2023-04-01T00:00+02:00;2023-05-01T00:00+02:00;2023;4;2453;1938;2968
02636V1125920;Sandnessundbrua;FV862 S2D1 m609;2022-01-01T00:00+01:00;2022-02-01T00:00+01:00;2022;1;7069;6522;7616
02636V1125920;Sandnessundbrua;FV862 S2D1 m609;2022-01-01T00:00+01:00;2022-02-01T00:00+01:00;2022;1;7073;6553;7593
02636V1125920;Sandnessundbrua;FV862 S2D1 m609;2022-01-01T00:00+01:00;2022-02-01T00:00+01:00;2022;1;7072;6552;7592
02636V1125920;Sandnessundbrua;FV862 S2D1 m609;2022-01-01T00:00+01:00;2022-02-01T00:00+01:00;2022;1;7070;6523;7617
02636V1125920;Sandnessundbrua;FV862 S2D1 m609;2022-01-01T00:00+01:00;2022-02-01T00:00+01:00;2022;1;14142;13076;15208
02636V1125920;Sandnessundbrua;FV862 S2D1 m609;2022-02-01T00:00+01:00;2022-03-01T00:00+01:00;2022;2;7857;7350;8364
02636V1125920;Sandnessundbrua;FV862 S2D1 m609;2022-02-01T00:00+01:00;2022-03-01T00:00+01:00;2022;2;7853;7368;8338
02636V1125920;Sandnessundbrua;FV862 S2D1 m609;2022-02-01T00:00+01:00;2022-03-01T00:00+01:00;2022;2;7853;7368;8338
02636V1125920;Sandnessundbrua;FV862 S2D1 m609;2022-02-01T00:00+01:00;2022-03-01T00:00+01:00;2022;2;7857;7350;8364
02636V1125920;Sandnessundbrua;FV862 S2D1 m609;2022-02-01T00:00+01:00;2022-03-01T00:00+01:00;2022;2;15710;14720;16700
02636V1125920;Sandnessundbrua;FV862 S2D1 m609;2022-03-01T00:00+01:00;2022-04-01T00:00+02:00;2022;3;8112;7732;8492
02636V1125920;Sandnessundbrua;FV862 S2D1 m609;2022-03-01T00:00+01:00;2022-04-01T00:00+02:00;2022;3;8113;7741;8485
02636V1125920;Sandnessundbrua;FV862 S2D1 m609;2022-03-01T00:00+01:00;2022-04-01T00:00+02:00;2022;3;8113;7741;8485
02636V1125920;Sandnessundbrua;FV862 S2D1 m609;2022-03-01T00:00+01:00;2022-04-01T00:00+02:00;2022;3;8112;7732;8492
02636V1125920;Sandnessundbrua;FV862 S2D1 m609;2022-03-01T00:00+01:00;2022-04-01T00:00+02:00;2022;3;16225;15474;16976
02636V1125920;Sandnessundbrua;FV862 S2D1 m609;2022-04-01T00:00+02:00;2022-05-01T00:00+02:00;2022;4;7724;7076;8372
02636V1125920;Sandnessundbrua;FV862 S2D1 m609;2022-04-01T00:00+02:00;2022-05-01T00:00+02:00;2022;4;7715;7087;8343
02636V1125920;Sandnessundbrua;FV862 S2D1 m609;2022-04-01T00:00+02:00;2022-05-01T00:00+02:00;2022;4;7715;7087;8343
02636V1125920;Sandnessundbrua;FV862 S2D1 m609;2022-04-01T00:00+02:00;2022-05-01T00:00+02:00;2022;4;7724;7076;8372
02636V1125920;Sandnessundbrua;FV862 S2D1 m609;2022-04-01T00:00+02:00;2022-05-01T00:00+02:00;2022;4;15439;14165;16713
02636V1125920;Sandnessundbrua;FV862 S2D1 m609;2022-05-01T00:00+02:00;2022-06-01T00:00+02:00;2022;5;8516;7880;9152
02636V1125920;Sandnessundbrua;FV862 S2D1 m609;2022-05-01T00:00+02:00;2022-06-01T00:00+02:00;2022;5;8503;7918;9088
02636V1125920;Sandnessundbrua;FV862 S2D1 m609;2022-05-01T00:00+02:00;2022-06-01T00:00+02:00;2022;5;8503;7918;9088
02636V1125920;Sandnessundbrua;FV862 S2D1 m609;2022-05-01T00:00+02:00;2022-06-01T00:00+02:00;2022;5;8516;7880;9152
02636V1125920;Sandnessundbrua;FV862 S2D1 m609;2022-05-01T00:00+02:00;2022-06-01T00:00+02:00;2022;5;17019;15800;18238
02636V1125920;Sandnessundbrua;FV862 S2D1 m609;2022-06-01T00:00+02:00;2022-07-01T00:00+02:00;2022;6;9047;8482;9612
02636V1125920;Sandnessundbrua;FV862 S2D1 m609;2022-06-01T00:00+02:00;2022-07-01T00:00+02:00;2022;6;9003;8491;9515
02636V1125920;Sandnessundbrua;FV862 S2D1 m609;2022-06-01T00:00+02:00;2022-07-01T00:00+02:00;2022;6;9003;8491;9515
02636V1125920;Sandnessundbrua;FV862 S2D1 m609;2022-06-01T00:00+02:00;2022-07-01T00:00+02:00;2022;6;9047;8482;9612
02636V1125920;Sandnessundbrua;FV862 S2D1 m609;2022-06-01T00:00+02:00;2022-07-01T00:00+02:00;2022;6;18050;16977;19123
02636V1125920;Sandnessundbrua;FV862 S2D1 m609;2022-07-01T00:00+02:00;2022-08-01T00:00+02:00;2022;7;6988;6582;7394
02636V1125920;Sandnessundbrua;FV862 S2D1 m609;2022-07-01T00:00+02:00;2022-08-01T00:00+02:00;2022;7;6919;6557;7281
02636V1125920;Sandnessundbrua;FV862 S2D1 m609;2022-07-01T00:00+02:00;2022-08-01T00:00+02:00;2022;7;6919;6557;7281
02636V1125920;Sandnessundbrua;FV862 S2D1 m609;2022-07-01T00:00+02:00;2022-08-01T00:00+02:00;2022;7;6988;6582;7394
02636V1125920;Sandnessundbrua;FV862 S2D1 m609;2022-07-01T00:00+02:00;2022-08-01T00:00+02:00;2022;7;13907;13146;14668
02636V1125920;Sandnessundbrua;FV862 S2D1 m609;2022-08-01T00:00+02:00;2022-09-01T00:00+02:00;2022;8;8409;7906;8912
02636V1125920;Sandnessundbrua;FV862 S2D1 m609;2022-08-01T00:00+02:00;2022-09-01T00:00+02:00;2022;8;8387;7925;8849
02636V1125920;Sandnessundbrua;FV862 S2D1 m609;2022-08-01T00:00+02:00;2022-09-01T00:00+02:00;2022;8;8387;7925;8849
02636V1125920;Sandnessundbrua;FV862 S2D1 m609;2022-08-01T00:00+02:00;2022-09-01T00:00+02:00;2022;8;8409;7906;8912
02636V1125920;Sandnessundbrua;FV862 S2D1 m609;2022-08-01T00:00+02:00;2022-09-01T00:00+02:00;2022;8;16797;15835;17759
02636V1125920;Sandnessundbrua;FV862 S2D1 m609;2022-09-01T00:00+02:00;2022-10-01T00:00+02:00;2022;9;8820;8345;9295
02636V1125920;Sandnessundbrua;FV862 S2D1 m609;2022-09-01T00:00+02:00;2022-10-01T00:00+02:00;2022;9;8795;8362;9228
02636V1125920;Sandnessundbrua;FV862 S2D1 m609;2022-09-01T00:00+02:00;2022-10-01T00:00+02:00;2022;9;8795;8362;9228
02636V1125920;Sandnessundbrua;FV862 S2D1 m609;2022-09-01T00:00+02:00;2022-10-01T00:00+02:00;2022;9;8821;8346;9296
02636V1125920;Sandnessundbrua;FV862 S2D1 m609;2022-09-01T00:00+02:00;2022-10-01T00:00+02:00;2022;9;17616;16711;18521
02636V1125920;Sandnessundbrua;FV862 S2D1 m609;2022-10-01T00:00+02:00;2022-11-01T00:00+01:00;2022;10;8181;7680;8682
02636V1125920;Sandnessundbrua;FV862 S2D1 m609;2022-10-01T00:00+02:00;2022-11-01T00:00+01:00;2022;10;8197;7736;8658
02636V1125920;Sandnessundbrua;FV862 S2D1 m609;2022-10-01T00:00+02:00;2022-11-01T00:00+01:00;2022;10;8197;7736;8658
02636V1125920;Sandnessundbrua;FV862 S2D1 m609;2022-10-01T00:00+02:00;2022-11-01T00:00+01:00;2022;10;8181;7680;8682
02636V1125920;Sandnessundbrua;FV862 S2D1 m609;2022-10-01T00:00+02:00;2022-11-01T00:00+01:00;2022;10;16378;15417;17339
02636V1125920;Sandnessundbrua;FV862 S2D1 m609;2022-11-01T00:00+01:00;2022-12-01T00:00+01:00;2022;11;8180;7717;8643
02636V1125920;Sandnessundbrua;FV862 S2D1 m609;2022-11-01T00:00+01:00;2022-12-01T00:00+01:00;2022;11;8175;7744;8606
02636V1125920;Sandnessundbrua;FV862 S2D1 m609;2022-11-01T00:00+01:00;2022-12-01T00:00+01:00;2022;11;8175;7744;8606
02636V1125920;Sandnessundbrua;FV862 S2D1 m609;2022-11-01T00:00+01:00;2022-12-01T00:00+01:00;2022;11;8180;7717;8643
02636V1125920;Sandnessundbrua;FV862 S2D1 m609;2022-11-01T00:00+01:00;2022-12-01T00:00+01:00;2022;11;16355;15462;17248
02636V1125920;Sandnessundbrua;FV862 S2D1 m609;2022-12-01T00:00+01:00;2023-01-01T00:00+01:00;2022;12;7666;7043;8289
02636V1125920;Sandnessundbrua;FV862 S2D1 m609;2022-12-01T00:00+01:00;2023-01-01T00:00+01:00;2022;12;7661;7061;8261
02636V1125920;Sandnessundbrua;FV862 S2D1 m609;2022-12-01T00:00+01:00;2023-01-01T00:00+01:00;2022;12;7660;7060;8260
02636V1125920;Sandnessundbrua;FV862 S2D1 m609;2022-12-01T00:00+01:00;2023-01-01T00:00+01:00;2022;12;7666;7043;8289
02636V1125920;Sandnessundbrua;FV862 S2D1 m609;2022-12-01T00:00+01:00;2023-01-01T00:00+01:00;2022;12;15327;14105;16549
02636V1125920;Sandnessundbrua;FV862 S2D1 m609;2023-01-01T00:00+01:00;2023-02-01T00:00+01:00;2023;1;6821;6393;7249
02636V1125920;Sandnessundbrua;FV862 S2D1 m609;2023-01-01T00:00+01:00;2023-02-01T00:00+01:00;2023;1;6820;6408;7232
02636V1125920;Sandnessundbrua;FV862 S2D1 m609;2023-01-01T00:00+01:00;2023-02-01T00:00+01:00;2023;1;6819;6407;7231
02636V1125920;Sandnessundbrua;FV862 S2D1 m609;2023-01-01T00:00+01:00;2023-02-01T00:00+01:00;2023;1;6822;6394;7250
02636V1125920;Sandnessundbrua;FV862 S2D1 m609;2023-01-01T00:00+01:00;2023-02-01T00:00+01:00;2023;1;13641;12801;14481
02636V1125920;Sandnessundbrua;FV862 S2D1 m609;2023-02-01T00:00+01:00;2023-03-01T00:00+01:00;2023;2;7076;6571;7581
02636V1125920;Sandnessundbrua;FV862 S2D1 m609;2023-02-01T00:00+01:00;2023-03-01T00:00+01:00;2023;2;7073;6606;7540
02636V1125920;Sandnessundbrua;FV862 S2D1 m609;2023-02-01T00:00+01:00;2023-03-01T00:00+01:00;2023;2;7074;6607;7541
02636V1125920;Sandnessundbrua;FV862 S2D1 m609;2023-02-01T00:00+01:00;2023-03-01T00:00+01:00;2023;2;7075;6570;7580
02636V1125920;Sandnessundbrua;FV862 S2D1 m609;2023-02-01T00:00+01:00;2023-03-01T00:00+01:00;2023;2;14149;13177;15121
02636V1125920;Sandnessundbrua;FV862 S2D1 m609;2023-03-01T00:00+01:00;2023-04-01T00:00+02:00;2023;3;7330;6926;7734
02636V1125920;Sandnessundbrua;FV862 S2D1 m609;2023-03-01T00:00+01:00;2023-04-01T00:00+02:00;2023;3;7321;6937;7705
02636V1125920;Sandnessundbrua;FV862 S2D1 m609;2023-03-01T00:00+01:00;2023-04-01T00:00+02:00;2023;3;7321;6937;7705
02636V1125920;Sandnessundbrua;FV862 S2D1 m609;2023-03-01T00:00+01:00;2023-04-01T00:00+02:00;2023;3;7329;6925;7733
02636V1125920;Sandnessundbrua;FV862 S2D1 m609;2023-03-01T00:00+01:00;2023-04-01T00:00+02:00;2023;3;14651;13865;15437
02636V1125920;Sandnessundbrua;FV862 S2D1 m609;2023-04-01T00:00+02:00;2023-05-01T00:00+02:00;2023;4;6932;6271;7593
02636V1125920;Sandnessundbrua;FV862 S2D1 m609;2023-04-01T00:00+02:00;2023-05-01T00:00+02:00;2023;4;6946;6303;7589
02636V1125920;Sandnessundbrua;FV862 S2D1 m609;2023-04-01T00:00+02:00;2023-05-01T00:00+02:00;2023;4;6946;6303;7589
02636V1125920;Sandnessundbrua;FV862 S2D1 m609;2023-04-01T00:00+02:00;2023-05-01T00:00+02:00;2023;4;6932;6271;7593
02636V1125920;Sandnessundbrua;FV862 S2D1 m609;2023-04-01T00:00+02:00;2023-05-01T00:00+02:00;2023;4;13878;12577;15179
05899V1109722;Strandvegen;KV40500 S1D1 m156;2022-01-01T00:00+01:00;2022-02-01T00:00+01:00;2022;1;4964;4552;5376
05899V1109722;Strandvegen;KV40500 S1D1 m156;2022-01-01T00:00+01:00;2022-02-01T00:00+01:00;2022;1;2968;2692;3244
05899V1109722;Strandvegen;KV40500 S1D1 m156;2022-01-01T00:00+01:00;2022-02-01T00:00+01:00;2022;1;2558;2373;2743
05899V1109722;Strandvegen;KV40500 S1D1 m156;2022-01-01T00:00+01:00;2022-02-01T00:00+01:00;2022;1;5516;5100;5932
05899V1109722;Strandvegen;KV40500 S1D1 m156;2022-01-01T00:00+01:00;2022-02-01T00:00+01:00;2022;1;4975;4563;5387
05899V1109722;Strandvegen;KV40500 S1D1 m156;2022-01-01T00:00+01:00;2022-02-01T00:00+01:00;2022;1;10491;9672;11310
05899V1109722;Strandvegen;KV40500 S1D1 m156;2022-02-01T00:00+01:00;2022-03-01T00:00+01:00;2022;2;5264;4912;5616
05899V1109722;Strandvegen;KV40500 S1D1 m156;2022-02-01T00:00+01:00;2022-03-01T00:00+01:00;2022;2;3014;2763;3265
05899V1109722;Strandvegen;KV40500 S1D1 m156;2022-02-01T00:00+01:00;2022-03-01T00:00+01:00;2022;2;2492;2299;2685
05899V1109722;Strandvegen;KV40500 S1D1 m156;2022-02-01T00:00+01:00;2022-03-01T00:00+01:00;2022;2;5497;5140;5854
05899V1109722;Strandvegen;KV40500 S1D1 m156;2022-02-01T00:00+01:00;2022-03-01T00:00+01:00;2022;2;5273;4920;5626
05899V1109722;Strandvegen;KV40500 S1D1 m156;2022-02-01T00:00+01:00;2022-03-01T00:00+01:00;2022;2;10770;10086;11454
05899V1109722;Strandvegen;KV40500 S1D1 m156;2022-03-01T00:00+01:00;2022-04-01T00:00+02:00;2022;3;5265;4933;5597
05899V1109722;Strandvegen;KV40500 S1D1 m156;2022-03-01T00:00+01:00;2022-04-01T00:00+02:00;2022;3;3036;2806;3266
05899V1109722;Strandvegen;KV40500 S1D1 m156;2022-03-01T00:00+01:00;2022-04-01T00:00+02:00;2022;3;2382;2291;2473
05899V1109722;Strandvegen;KV40500 S1D1 m156;2022-03-01T00:00+01:00;2022-04-01T00:00+02:00;2022;3;5409;5111;5707
05899V1109722;Strandvegen;KV40500 S1D1 m156;2022-03-01T00:00+01:00;2022-04-01T00:00+02:00;2022;3;5274;4941;5607
05899V1109722;Strandvegen;KV40500 S1D1 m156;2022-03-01T00:00+01:00;2022-04-01T00:00+02:00;2022;3;10683;10055;11311
05899V1109722;Strandvegen;KV40500 S1D1 m156;2022-04-01T00:00+02:00;2022-05-01T00:00+02:00;2022;4;4725;4219;5231
05899V1109722;Strandvegen;KV40500 S1D1 m156;2022-04-01T00:00+02:00;2022-05-01T00:00+02:00;2022;4;2749;2418;3080
05899V1109722;Strandvegen;KV40500 S1D1 m156;2022-04-01T00:00+02:00;2022-05-01T00:00+02:00;2022;4;2189;2030;2348
05899V1109722;Strandvegen;KV40500 S1D1 m156;2022-04-01T00:00+02:00;2022-05-01T00:00+02:00;2022;4;4932;4454;5410
05899V1109722;Strandvegen;KV40500 S1D1 m156;2022-04-01T00:00+02:00;2022-05-01T00:00+02:00;2022;4;4732;4226;5238
05899V1109722;Strandvegen;KV40500 S1D1 m156;2022-04-01T00:00+02:00;2022-05-01T00:00+02:00;2022;4;9664;8682;10646
05899V1109722;Strandvegen;KV40500 S1D1 m156;2022-05-01T00:00+02:00;2022-06-01T00:00+02:00;2022;5;5385;4977;5793
05899V1109722;Strandvegen;KV40500 S1D1 m156;2022-05-01T00:00+02:00;2022-06-01T00:00+02:00;2022;5;3116;2851;3381
05899V1109722;Strandvegen;KV40500 S1D1 m156;2022-05-01T00:00+02:00;2022-06-01T00:00+02:00;2022;5;2770;2605;2935
05899V1109722;Strandvegen;KV40500 S1D1 m156;2022-05-01T00:00+02:00;2022-06-01T00:00+02:00;2022;5;5877;5489;6265
05899V1109722;Strandvegen;KV40500 S1D1 m156;2022-05-01T00:00+02:00;2022-06-01T00:00+02:00;2022;5;5393;4985;5801
05899V1109722;Strandvegen;KV40500 S1D1 m156;2022-05-01T00:00+02:00;2022-06-01T00:00+02:00;2022;5;11270;10478;12062
05899V1109722;Strandvegen;KV40500 S1D1 m156;2022-06-01T00:00+02:00;2022-07-01T00:00+02:00;2022;6;5479;5030;5928
05899V1109722;Strandvegen;KV40500 S1D1 m156;2022-06-01T00:00+02:00;2022-07-01T00:00+02:00;2022;6;3054;2782;3326
05899V1109722;Strandvegen;KV40500 S1D1 m156;2022-06-01T00:00+02:00;2022-07-01T00:00+02:00;2022;6;3108;2922;3294
05899V1109722;Strandvegen;KV40500 S1D1 m156;2022-06-01T00:00+02:00;2022-07-01T00:00+02:00;2022;6;6150;5710;6590
05899V1109722;Strandvegen;KV40500 S1D1 m156;2022-06-01T00:00+02:00;2022-07-01T00:00+02:00;2022;6;5490;5041;5939
05899V1109722;Strandvegen;KV40500 S1D1 m156;2022-06-01T00:00+02:00;2022-07-01T00:00+02:00;2022;6;11640;10755;12525
05899V1109722;Strandvegen;KV40500 S1D1 m156;2022-07-01T00:00+02:00;2022-08-01T00:00+02:00;2022;7;4134;3856;4412
05899V1109722;Strandvegen;KV40500 S1D1 m156;2022-07-01T00:00+02:00;2022-08-01T00:00+02:00;2022;7;2164;1976;2352
05899V1109722;Strandvegen;KV40500 S1D1 m156;2022-07-01T00:00+02:00;2022-08-01T00:00+02:00;2022;7;2221;2111;2331
05899V1109722;Strandvegen;KV40500 S1D1 m156;2022-07-01T00:00+02:00;2022-08-01T00:00+02:00;2022;7;4376;4092;4660
05899V1109722;Strandvegen;KV40500 S1D1 m156;2022-07-01T00:00+02:00;2022-08-01T00:00+02:00;2022;7;4143;3865;4421
05899V1109722;Strandvegen;KV40500 S1D1 m156;2022-07-01T00:00+02:00;2022-08-01T00:00+02:00;2022;7;8519;7959;9079
05899V1109722;Strandvegen;KV40500 S1D1 m156;2022-08-01T00:00+02:00;2022-09-01T00:00+02:00;2022;8;5144;4786;5502
05899V1109722;Strandvegen;KV40500 S1D1 m156;2022-08-01T00:00+02:00;2022-09-01T00:00+02:00;2022;8;2849;2594;3104
05899V1109722;Strandvegen;KV40500 S1D1 m156;2022-08-01T00:00+02:00;2022-09-01T00:00+02:00;2022;8;2503;2400;2606
05899V1109722;Strandvegen;KV40500 S1D1 m156;2022-08-01T00:00+02:00;2022-09-01T00:00+02:00;2022;8;5342;4997;5687
05899V1109722;Strandvegen;KV40500 S1D1 m156;2022-08-01T00:00+02:00;2022-09-01T00:00+02:00;2022;8;5155;4797;5513
05899V1109722;Strandvegen;KV40500 S1D1 m156;2022-08-01T00:00+02:00;2022-09-01T00:00+02:00;2022;8;10497;9797;11197
05899V1109722;Strandvegen;KV40500 S1D1 m156;2022-09-01T00:00+02:00;2022-10-01T00:00+02:00;2022;9;3781;2795;4767
05899V1109722;Strandvegen;KV40500 S1D1 m156;2022-09-01T00:00+02:00;2022-10-01T00:00+02:00;2022;9;3242;2966;3518
05899V1109722;Strandvegen;KV40500 S1D1 m156;2022-09-01T00:00+02:00;2022-10-01T00:00+02:00;2022;9;2467;2371;2563
05899V1109722;Strandvegen;KV40500 S1D1 m156;2022-09-01T00:00+02:00;2022-10-01T00:00+02:00;2022;9;5695;5359;6031
05899V1109722;Strandvegen;KV40500 S1D1 m156;2022-09-01T00:00+02:00;2022-10-01T00:00+02:00;2022;9;3794;2809;4779
05899V1109722;Strandvegen;KV40500 S1D1 m156;2022-09-01T00:00+02:00;2022-10-01T00:00+02:00;2022;9;9490;8415;10565
05899V1109722;Strandvegen;KV40500 S1D1 m156;2022-10-01T00:00+02:00;2022-11-01T00:00+01:00;2022;10;0;0;0
05899V1109722;Strandvegen;KV40500 S1D1 m156;2022-10-01T00:00+02:00;2022-11-01T00:00+01:00;2022;10;2976;2725;3227
05899V1109722;Strandvegen;KV40500 S1D1 m156;2022-10-01T00:00+02:00;2022-11-01T00:00+01:00;2022;10;2339;2238;2440
05899V1109722;Strandvegen;KV40500 S1D1 m156;2022-10-01T00:00+02:00;2022-11-01T00:00+01:00;2022;10;5308;4992;5624
05899V1109722;Strandvegen;KV40500 S1D1 m156;2022-10-01T00:00+02:00;2022-11-01T00:00+01:00;2022;10;7;5;9
05899V1109722;Strandvegen;KV40500 S1D1 m156;2022-10-01T00:00+02:00;2022-11-01T00:00+01:00;2022;10;5315;4999;5631
05899V1109722;Strandvegen;KV40500 S1D1 m156;2022-11-01T00:00+01:00;2022-12-01T00:00+01:00;2022;11;0;0;0
05899V1109722;Strandvegen;KV40500 S1D1 m156;2022-11-01T00:00+01:00;2022-12-01T00:00+01:00;2022;11;2834;2614;3054
05899V1109722;Strandvegen;KV40500 S1D1 m156;2022-11-01T00:00+01:00;2022-12-01T00:00+01:00;2022;11;2253;2176;2330
05899V1109722;Strandvegen;KV40500 S1D1 m156;2022-11-01T00:00+01:00;2022-12-01T00:00+01:00;2022;11;5078;4795;5361
05899V1109722;Strandvegen;KV40500 S1D1 m156;2022-11-01T00:00+01:00;2022-12-01T00:00+01:00;2022;11;9;8;10
05899V1109722;Strandvegen;KV40500 S1D1 m156;2022-11-01T00:00+01:00;2022-12-01T00:00+01:00;2022;11;5087;4803;5371
05899V1109722;Strandvegen;KV40500 S1D1 m156;2022-12-01T00:00+01:00;2023-01-01T00:00+01:00;2022;12;0;0;0
05899V1109722;Strandvegen;KV40500 S1D1 m156;2022-12-01T00:00+01:00;2023-01-01T00:00+01:00;2022;12;2737;2500;2974
05899V1109722;Strandvegen;KV40500 S1D1 m156;2022-12-01T00:00+01:00;2023-01-01T00:00+01:00;2022;12;2478;2306;2650
05899V1109722;Strandvegen;KV40500 S1D1 m156;2022-12-01T00:00+01:00;2023-01-01T00:00+01:00;2022;12;5201;4815;5587
05899V1109722;Strandvegen;KV40500 S1D1 m156;2022-12-01T00:00+01:00;2023-01-01T00:00+01:00;2022;12;14;9;19
05899V1109722;Strandvegen;KV40500 S1D1 m156;2022-12-01T00:00+01:00;2023-01-01T00:00+01:00;2022;12;5215;4832;5598
05899V1109722;Strandvegen;KV40500 S1D1 m156;2023-01-01T00:00+01:00;2023-02-01T00:00+01:00;2023;1;0;0;0
05899V1109722;Strandvegen;KV40500 S1D1 m156;2023-01-01T00:00+01:00;2023-02-01T00:00+01:00;2023;1;2685;2488;2882
05899V1109722;Strandvegen;KV40500 S1D1 m156;2023-01-01T00:00+01:00;2023-02-01T00:00+01:00;2023;1;2397;2245;2549
05899V1109722;Strandvegen;KV40500 S1D1 m156;2023-01-01T00:00+01:00;2023-02-01T00:00+01:00;2023;1;5066;4750;5382
05899V1109722;Strandvegen;KV40500 S1D1 m156;2023-01-01T00:00+01:00;2023-02-01T00:00+01:00;2023;1;16;10;22
05899V1109722;Strandvegen;KV40500 S1D1 m156;2023-01-01T00:00+01:00;2023-02-01T00:00+01:00;2023;1;5082;4764;5400
05899V1109722;Strandvegen;KV40500 S1D1 m156;2023-02-01T00:00+01:00;2023-03-01T00:00+01:00;2023;2;0;0;0
05899V1109722;Strandvegen;KV40500 S1D1 m156;2023-02-01T00:00+01:00;2023-03-01T00:00+01:00;2023;2;2796;2604;2988
05899V1109722;Strandvegen;KV40500 S1D1 m156;2023-02-01T00:00+01:00;2023-03-01T00:00+01:00;2023;2;2719;2486;2952
05899V1109722;Strandvegen;KV40500 S1D1 m156;2023-02-01T00:00+01:00;2023-03-01T00:00+01:00;2023;2;5473;5126;5820
05899V1109722;Strandvegen;KV40500 S1D1 m156;2023-02-01T00:00+01:00;2023-03-01T00:00+01:00;2023;2;42;21;63
05899V1109722;Strandvegen;KV40500 S1D1 m156;2023-02-01T00:00+01:00;2023-03-01T00:00+01:00;2023;2;5515;5167;5863
05899V1109722;Strandvegen;KV40500 S1D1 m156;2023-03-01T00:00+01:00;2023-04-01T00:00+02:00;2023;3;0;0;0
05899V1109722;Strandvegen;KV40500 S1D1 m156;2023-03-01T00:00+01:00;2023-04-01T00:00+02:00;2023;3;2902;2720;3084
05899V1109722;Strandvegen;KV40500 S1D1 m156;2023-03-01T00:00+01:00;2023-04-01T00:00+02:00;2023;3;2988;2758;3218
05899V1109722;Strandvegen;KV40500 S1D1 m156;2023-03-01T00:00+01:00;2023-04-01T00:00+02:00;2023;3;5759;5418;6100
05899V1109722;Strandvegen;KV40500 S1D1 m156;2023-03-01T00:00+01:00;2023-04-01T00:00+02:00;2023;3;132;25;239
05899V1109722;Strandvegen;KV40500 S1D1 m156;2023-03-01T00:00+01:00;2023-04-01T00:00+02:00;2023;3;5891;5539;6243
05899V1109722;Strandvegen;KV40500 S1D1 m156;2023-04-01T00:00+02:00;2023-05-01T00:00+02:00;2023;4;0;0;0
05899V1109722;Strandvegen;KV40500 S1D1 m156;2023-04-01T00:00+02:00;2023-05-01T00:00+02:00;2023;4;2446;2163;2729
05899V1109722;Strandvegen;KV40500 S1D1 m156;2023-04-01T00:00+02:00;2023-05-01T00:00+02:00;2023;4;2173;2015;2331
05899V1109722;Strandvegen;KV40500 S1D1 m156;2023-04-01T00:00+02:00;2023-05-01T00:00+02:00;2023;4;4602;4169;5035
05899V1109722;Strandvegen;KV40500 S1D1 m156;2023-04-01T00:00+02:00;2023-05-01T00:00+02:00;2023;4;17;13;21
05899V1109722;Strandvegen;KV40500 S1D1 m156;2023-04-01T00:00+02:00;2023-05-01T00:00+02:00;2023;4;4619;4186;5052
14843V1125937;Giæverbukta nord;EV8 S1D10 m31;2022-01-01T00:00+01:00;2022-02-01T00:00+01:00;2022;1;2252;2029;2475
14843V1125937;Giæverbukta nord;EV8 S1D10 m31;2022-01-01T00:00+01:00;2022-02-01T00:00+01:00;2022;1;2341;1999;2683
14843V1125937;Giæverbukta nord;EV8 S1D10 m31;2022-01-01T00:00+01:00;2022-02-01T00:00+01:00;2022;1;6057;5252;6862
14843V1125937;Giæverbukta nord;EV8 S1D10 m31;2022-01-01T00:00+01:00;2022-02-01T00:00+01:00;2022;1;5606;4924;6288
14843V1125937;Giæverbukta nord;EV8 S1D10 m31;2022-01-01T00:00+01:00;2022-02-01T00:00+01:00;2022;1;2476;2162;2790
14843V1125937;Giæverbukta nord;EV8 S1D10 m31;2022-01-01T00:00+01:00;2022-02-01T00:00+01:00;2022;1;10422;9094;11750
14843V1125937;Giæverbukta nord;EV8 S1D10 m31;2022-01-01T00:00+01:00;2022-02-01T00:00+01:00;2022;1;8310;7297;9323
14843V1125937;Giæverbukta nord;EV8 S1D10 m31;2022-01-01T00:00+01:00;2022-02-01T00:00+01:00;2022;1;18732;16392;21072
14843V1125937;Giæverbukta nord;EV8 S1D10 m31;2022-02-01T00:00+01:00;2022-03-01T00:00+01:00;2022;2;2311;2115;2507
14843V1125937;Giæverbukta nord;EV8 S1D10 m31;2022-02-01T00:00+01:00;2022-03-01T00:00+01:00;2022;2;2491;2181;2801
14843V1125937;Giæverbukta nord;EV8 S1D10 m31;2022-02-01T00:00+01:00;2022-03-01T00:00+01:00;2022;2;6564;5846;7282
14843V1125937;Giæverbukta nord;EV8 S1D10 m31;2022-02-01T00:00+01:00;2022-03-01T00:00+01:00;2022;2;5913;5321;6505
14843V1125937;Giæverbukta nord;EV8 S1D10 m31;2022-02-01T00:00+01:00;2022-03-01T00:00+01:00;2022;2;2718;2425;3011
14843V1125937;Giæverbukta nord;EV8 S1D10 m31;2022-02-01T00:00+01:00;2022-03-01T00:00+01:00;2022;2;11121;9934;12308
14843V1125937;Giæverbukta nord;EV8 S1D10 m31;2022-02-01T00:00+01:00;2022-03-01T00:00+01:00;2022;2;8877;7976;9778
14843V1125937;Giæverbukta nord;EV8 S1D10 m31;2022-02-01T00:00+01:00;2022-03-01T00:00+01:00;2022;2;19998;17913;22083
14843V1125937;Giæverbukta nord;EV8 S1D10 m31;2022-03-01T00:00+01:00;2022-04-01T00:00+02:00;2022;3;2301;2119;2483
14843V1125937;Giæverbukta nord;EV8 S1D10 m31;2022-03-01T00:00+01:00;2022-04-01T00:00+02:00;2022;3;2538;2241;2835
14843V1125937;Giæverbukta nord;EV8 S1D10 m31;2022-03-01T00:00+01:00;2022-04-01T00:00+02:00;2022;3;6856;6182;7530
14843V1125937;Giæverbukta nord;EV8 S1D10 m31;2022-03-01T00:00+01:00;2022-04-01T00:00+02:00;2022;3;6191;5626;6756
14843V1125937;Giæverbukta nord;EV8 S1D10 m31;2022-03-01T00:00+01:00;2022-04-01T00:00+02:00;2022;3;2861;2597;3125
14843V1125937;Giæverbukta nord;EV8 S1D10 m31;2022-03-01T00:00+01:00;2022-04-01T00:00+02:00;2022;3;11589;10476;12702
14843V1125937;Giæverbukta nord;EV8 S1D10 m31;2022-03-01T00:00+01:00;2022-04-01T00:00+02:00;2022;3;9158;8322;9994
14843V1125937;Giæverbukta nord;EV8 S1D10 m31;2022-03-01T00:00+01:00;2022-04-01T00:00+02:00;2022;3;20747;18801;22693
14843V1125937;Giæverbukta nord;EV8 S1D10 m31;2022-04-01T00:00+02:00;2022-05-01T00:00+02:00;2022;4;2166;1889;2443
14843V1125937;Giæverbukta nord;EV8 S1D10 m31;2022-04-01T00:00+02:00;2022-05-01T00:00+02:00;2022;4;2295;1892;2698
14843V1125937;Giæverbukta nord;EV8 S1D10 m31;2022-04-01T00:00+02:00;2022-05-01T00:00+02:00;2022;4;6528;5530;7526
14843V1125937;Giæverbukta nord;EV8 S1D10 m31;2022-04-01T00:00+02:00;2022-05-01T00:00+02:00;2022;4;5877;5034;6720
14843V1125937;Giæverbukta nord;EV8 S1D10 m31;2022-04-01T00:00+02:00;2022-05-01T00:00+02:00;2022;4;2741;2335;3147
14843V1125937;Giæverbukta nord;EV8 S1D10 m31;2022-04-01T00:00+02:00;2022-05-01T00:00+02:00;2022;4;10914;9273;12555
14843V1125937;Giæverbukta nord;EV8 S1D10 m31;2022-04-01T00:00+02:00;2022-05-01T00:00+02:00;2022;4;8694;7439;9949
14843V1125937;Giæverbukta nord;EV8 S1D10 m31;2022-04-01T00:00+02:00;2022-05-01T00:00+02:00;2022;4;19608;16714;22502
14843V1125937;Giæverbukta nord;EV8 S1D10 m31;2022-05-01T00:00+02:00;2022-06-01T00:00+02:00;2022;5;2425;2161;2689
14843V1125937;Giæverbukta nord;EV8 S1D10 m31;2022-05-01T00:00+02:00;2022-06-01T00:00+02:00;2022;5;2477;2078;2876
14843V1125937;Giæverbukta nord;EV8 S1D10 m31;2022-05-01T00:00+02:00;2022-06-01T00:00+02:00;2022;5;6874;5918;7830
14843V1125937;Giæverbukta nord;EV8 S1D10 m31;2022-05-01T00:00+02:00;2022-06-01T00:00+02:00;2022;5;6204;5415;6993
14843V1125937;Giæverbukta nord;EV8 S1D10 m31;2022-05-01T00:00+02:00;2022-06-01T00:00+02:00;2022;5;2972;2567;3377
14843V1125937;Giæverbukta nord;EV8 S1D10 m31;2022-05-01T00:00+02:00;2022-06-01T00:00+02:00;2022;5;11652;10071;13233
14843V1125937;Giæverbukta nord;EV8 S1D10 m31;2022-05-01T00:00+02:00;2022-06-01T00:00+02:00;2022;5;9300;8092;10508
14843V1125937;Giæverbukta nord;EV8 S1D10 m31;2022-05-01T00:00+02:00;2022-06-01T00:00+02:00;2022;5;20952;18164;23740
14843V1125937;Giæverbukta nord;EV8 S1D10 m31;2022-06-01T00:00+02:00;2022-07-01T00:00+02:00;2022;6;2500;2245;2755
14843V1125937;Giæverbukta nord;EV8 S1D10 m31;2022-06-01T00:00+02:00;2022-07-01T00:00+02:00;2022;6;2554;2181;2927
14843V1125937;Giæverbukta nord;EV8 S1D10 m31;2022-06-01T00:00+02:00;2022-07-01T00:00+02:00;2022;6;7211;6311;8111
14843V1125937;Giæverbukta nord;EV8 S1D10 m31;2022-06-01T00:00+02:00;2022-07-01T00:00+02:00;2022;6;6390;5648;7132
14843V1125937;Giæverbukta nord;EV8 S1D10 m31;2022-06-01T00:00+02:00;2022-07-01T00:00+02:00;2022;6;3194;2808;3580
14843V1125937;Giæverbukta nord;EV8 S1D10 m31;2022-06-01T00:00+02:00;2022-07-01T00:00+02:00;2022;6;12139;10646;13632
14843V1125937;Giæverbukta nord;EV8 S1D10 m31;2022-06-01T00:00+02:00;2022-07-01T00:00+02:00;2022;6;9711;8567;10855
14843V1125937;Giæverbukta nord;EV8 S1D10 m31;2022-06-01T00:00+02:00;2022-07-01T00:00+02:00;2022;6;21850;19214;24486
14843V1125937;Giæverbukta nord;EV8 S1D10 m31;2022-07-01T00:00+02:00;2022-08-01T00:00+02:00;2022;7;1875;1690;2060
14843V1125937;Giæverbukta nord;EV8 S1D10 m31;2022-07-01T00:00+02:00;2022-08-01T00:00+02:00;2022;7;1835;1564;2106
14843V1125937;Giæverbukta nord;EV8 S1D10 m31;2022-07-01T00:00+02:00;2022-08-01T00:00+02:00;2022;7;6057;5284;6830
14843V1125937;Giæverbukta nord;EV8 S1D10 m31;2022-07-01T00:00+02:00;2022-08-01T00:00+02:00;2022;7;5503;4833;6173
14843V1125937;Giæverbukta nord;EV8 S1D10 m31;2022-07-01T00:00+02:00;2022-08-01T00:00+02:00;2022;7;2636;2330;2942
14843V1125937;Giæverbukta nord;EV8 S1D10 m31;2022-07-01T00:00+02:00;2022-08-01T00:00+02:00;2022;7;9975;8737;11213
14843V1125937;Giæverbukta nord;EV8 S1D10 m31;2022-07-01T00:00+02:00;2022-08-01T00:00+02:00;2022;7;7931;6984;8878
14843V1125937;Giæverbukta nord;EV8 S1D10 m31;2022-07-01T00:00+02:00;2022-08-01T00:00+02:00;2022;7;17907;15722;20092
14843V1125937;Giæverbukta nord;EV8 S1D10 m31;2022-08-01T00:00+02:00;2022-09-01T00:00+02:00;2022;8;2402;2186;2618
14843V1125937;Giæverbukta nord;EV8 S1D10 m31;2022-08-01T00:00+02:00;2022-09-01T00:00+02:00;2022;8;2360;2058;2662
14843V1125937;Giæverbukta nord;EV8 S1D10 m31;2022-08-01T00:00+02:00;2022-09-01T00:00+02:00;2022;8;7175;6406;7944
14843V1125937;Giæverbukta nord;EV8 S1D10 m31;2022-08-01T00:00+02:00;2022-09-01T00:00+02:00;2022;8;6367;5730;7004
14843V1125937;Giæverbukta nord;EV8 S1D10 m31;2022-08-01T00:00+02:00;2022-09-01T00:00+02:00;2022;8;3078;2762;3394
14843V1125937;Giæverbukta nord;EV8 S1D10 m31;2022-08-01T00:00+02:00;2022-09-01T00:00+02:00;2022;8;11805;10560;13050
14843V1125937;Giæverbukta nord;EV8 S1D10 m31;2022-08-01T00:00+02:00;2022-09-01T00:00+02:00;2022;8;9577;8608;10546
14843V1125937;Giæverbukta nord;EV8 S1D10 m31;2022-08-01T00:00+02:00;2022-09-01T00:00+02:00;2022;8;21382;19169;23595
14843V1125937;Giæverbukta nord;EV8 S1D10 m31;2022-09-01T00:00+02:00;2022-10-01T00:00+02:00;2022;9;2531;2308;2754
14843V1125937;Giæverbukta nord;EV8 S1D10 m31;2022-09-01T00:00+02:00;2022-10-01T00:00+02:00;2022;9;2519;2204;2834
14843V1125937;Giæverbukta nord;EV8 S1D10 m31;2022-09-01T00:00+02:00;2022-10-01T00:00+02:00;2022;9;7019;6278;7760
14843V1125937;Giæverbukta nord;EV8 S1D10 m31;2022-09-01T00:00+02:00;2022-10-01T00:00+02:00;2022;9;6399;5769;7029
14843V1125937;Giæverbukta nord;EV8 S1D10 m31;2022-09-01T00:00+02:00;2022-10-01T00:00+02:00;2022;9;3075;2766;3384
14843V1125937;Giæverbukta nord;EV8 S1D10 m31;2022-09-01T00:00+02:00;2022-10-01T00:00+02:00;2022;9;11993;10751;13235
14843V1125937;Giæverbukta nord;EV8 S1D10 m31;2022-09-01T00:00+02:00;2022-10-01T00:00+02:00;2022;9;9551;8619;10483
14843V1125937;Giæverbukta nord;EV8 S1D10 m31;2022-09-01T00:00+02:00;2022-10-01T00:00+02:00;2022;9;21544;19372;23716
14843V1125937;Giæverbukta nord;EV8 S1D10 m31;2022-10-01T00:00+02:00;2022-11-01T00:00+01:00;2022;10;2419;2204;2634
14843V1125937;Giæverbukta nord;EV8 S1D10 m31;2022-10-01T00:00+02:00;2022-11-01T00:00+01:00;2022;10;2539;2208;2870
14843V1125937;Giæverbukta nord;EV8 S1D10 m31;2022-10-01T00:00+02:00;2022-11-01T00:00+01:00;2022;10;6916;6139;7693
14843V1125937;Giæverbukta nord;EV8 S1D10 m31;2022-10-01T00:00+02:00;2022-11-01T00:00+01:00;2022;10;6257;5598;6916
14843V1125937;Giæverbukta nord;EV8 S1D10 m31;2022-10-01T00:00+02:00;2022-11-01T00:00+01:00;2022;10;2950;2628;3272
14843V1125937;Giæverbukta nord;EV8 S1D10 m31;2022-10-01T00:00+02:00;2022-11-01T00:00+01:00;2022;10;11746;10444;13048
14843V1125937;Giæverbukta nord;EV8 S1D10 m31;2022-10-01T00:00+02:00;2022-11-01T00:00+01:00;2022;10;9335;8352;10318
14843V1125937;Giæverbukta nord;EV8 S1D10 m31;2022-10-01T00:00+02:00;2022-11-01T00:00+01:00;2022;10;21081;18798;23364
14843V1125937;Giæverbukta nord;EV8 S1D10 m31;2022-11-01T00:00+01:00;2022-12-01T00:00+01:00;2022;11;2558;2337;2779
14843V1125937;Giæverbukta nord;EV8 S1D10 m31;2022-11-01T00:00+01:00;2022-12-01T00:00+01:00;2022;11;2747;2403;3091
14843V1125937;Giæverbukta nord;EV8 S1D10 m31;2022-11-01T00:00+01:00;2022-12-01T00:00+01:00;2022;11;7212;6431;7993
14843V1125937;Giæverbukta nord;EV8 S1D10 m31;2022-11-01T00:00+01:00;2022-12-01T00:00+01:00;2022;11;6429;5792;7066
14843V1125937;Giæverbukta nord;EV8 S1D10 m31;2022-11-01T00:00+01:00;2022-12-01T00:00+01:00;2022;11;3047;2726;3368
14843V1125937;Giæverbukta nord;EV8 S1D10 m31;2022-11-01T00:00+01:00;2022-12-01T00:00+01:00;2022;11;12222;10930;13514
14843V1125937;Giæverbukta nord;EV8 S1D10 m31;2022-11-01T00:00+01:00;2022-12-01T00:00+01:00;2022;11;9771;8778;10764
14843V1125937;Giæverbukta nord;EV8 S1D10 m31;2022-11-01T00:00+01:00;2022-12-01T00:00+01:00;2022;11;21993;19711;24275
14843V1125937;Giæverbukta nord;EV8 S1D10 m31;2022-12-01T00:00+01:00;2023-01-01T00:00+01:00;2022;12;2458;2194;2722
14843V1125937;Giæverbukta nord;EV8 S1D10 m31;2022-12-01T00:00+01:00;2023-01-01T00:00+01:00;2022;12;2647;2283;3011
14843V1125937;Giæverbukta nord;EV8 S1D10 m31;2022-12-01T00:00+01:00;2023-01-01T00:00+01:00;2022;12;7091;6249;7933
14843V1125937;Giæverbukta nord;EV8 S1D10 m31;2022-12-01T00:00+01:00;2023-01-01T00:00+01:00;2022;12;6177;5507;6847
14843V1125937;Giæverbukta nord;EV8 S1D10 m31;2022-12-01T00:00+01:00;2023-01-01T00:00+01:00;2022;12;2991;2615;3367
14843V1125937;Giæverbukta nord;EV8 S1D10 m31;2022-12-01T00:00+01:00;2023-01-01T00:00+01:00;2022;12;11814;10420;13208
14843V1125937;Giæverbukta nord;EV8 S1D10 m31;2022-12-01T00:00+01:00;2023-01-01T00:00+01:00;2022;12;9551;8464;10638
14843V1125937;Giæverbukta nord;EV8 S1D10 m31;2022-12-01T00:00+01:00;2023-01-01T00:00+01:00;2022;12;21364;18884;23844
14843V1125937;Giæverbukta nord;EV8 S1D10 m31;2023-01-01T00:00+01:00;2023-02-01T00:00+01:00;2023;1;2032;1847;2217
14843V1125937;Giæverbukta nord;EV8 S1D10 m31;2023-01-01T00:00+01:00;2023-02-01T00:00+01:00;2023;1;2075;1815;2335
14843V1125937;Giæverbukta nord;EV8 S1D10 m31;2023-01-01T00:00+01:00;2023-02-01T00:00+01:00;2023;1;5499;4865;6133
14843V1125937;Giæverbukta nord;EV8 S1D10 m31;2023-01-01T00:00+01:00;2023-02-01T00:00+01:00;2023;1;5150;4604;5696
14843V1125937;Giæverbukta nord;EV8 S1D10 m31;2023-01-01T00:00+01:00;2023-02-01T00:00+01:00;2023;1;2356;2097;2615
14843V1125937;Giæverbukta nord;EV8 S1D10 m31;2023-01-01T00:00+01:00;2023-02-01T00:00+01:00;2023;1;9580;8522;10638
14843V1125937;Giæverbukta nord;EV8 S1D10 m31;2023-01-01T00:00+01:00;2023-02-01T00:00+01:00;2023;1;7533;6745;8321
14843V1125937;Giæverbukta nord;EV8 S1D10 m31;2023-01-01T00:00+01:00;2023-02-01T00:00+01:00;2023;1;17113;15268;18958
14843V1125937;Giæverbukta nord;EV8 S1D10 m31;2023-02-01T00:00+01:00;2023-03-01T00:00+01:00;2023;2;2185;1992;2378
14843V1125937;Giæverbukta nord;EV8 S1D10 m31;2023-02-01T00:00+01:00;2023-03-01T00:00+01:00;2023;2;2182;1919;2445
14843V1125937;Giæverbukta nord;EV8 S1D10 m31;2023-02-01T00:00+01:00;2023-03-01T00:00+01:00;2023;2;5738;5065;6411
14843V1125937;Giæverbukta nord;EV8 S1D10 m31;2023-02-01T00:00+01:00;2023-03-01T00:00+01:00;2023;2;5397;4844;5950
14843V1125937;Giæverbukta nord;EV8 S1D10 m31;2023-02-01T00:00+01:00;2023-03-01T00:00+01:00;2023;2;2486;2202;2770
14843V1125937;Giæverbukta nord;EV8 S1D10 m31;2023-02-01T00:00+01:00;2023-03-01T00:00+01:00;2023;2;10064;8974;11154
14843V1125937;Giæverbukta nord;EV8 S1D10 m31;2023-02-01T00:00+01:00;2023-03-01T00:00+01:00;2023;2;7924;7113;8735
14843V1125937;Giæverbukta nord;EV8 S1D10 m31;2023-02-01T00:00+01:00;2023-03-01T00:00+01:00;2023;2;17988;16090;19886
14843V1125937;Giæverbukta nord;EV8 S1D10 m31;2023-03-01T00:00+01:00;2023-04-01T00:00+02:00;2023;3;2514;2312;2716
14843V1125937;Giæverbukta nord;EV8 S1D10 m31;2023-03-01T00:00+01:00;2023-04-01T00:00+02:00;2023;3;2289;2022;2556
14843V1125937;Giæverbukta nord;EV8 S1D10 m31;2023-03-01T00:00+01:00;2023-04-01T00:00+02:00;2023;3;5745;5147;6343
14843V1125937;Giæverbukta nord;EV8 S1D10 m31;2023-03-01T00:00+01:00;2023-04-01T00:00+02:00;2023;3;5528;5004;6052
14843V1125937;Giæverbukta nord;EV8 S1D10 m31;2023-03-01T00:00+01:00;2023-04-01T00:00+02:00;2023;3;2628;2379;2877
14843V1125937;Giæverbukta nord;EV8 S1D10 m31;2023-03-01T00:00+01:00;2023-04-01T00:00+02:00;2023;3;10446;9418;11474
14843V1125937;Giæverbukta nord;EV8 S1D10 m31;2023-03-01T00:00+01:00;2023-04-01T00:00+02:00;2023;3;8259;7505;9013
14843V1125937;Giæverbukta nord;EV8 S1D10 m31;2023-03-01T00:00+01:00;2023-04-01T00:00+02:00;2023;3;18705;16925;20485
14843V1125937;Giæverbukta nord;EV8 S1D10 m31;2023-04-01T00:00+02:00;2023-05-01T00:00+02:00;2023;4;1927;1693;2161
14843V1125937;Giæverbukta nord;EV8 S1D10 m31;2023-04-01T00:00+02:00;2023-05-01T00:00+02:00;2023;4;2009;1630;2388
14843V1125937;Giæverbukta nord;EV8 S1D10 m31;2023-04-01T00:00+02:00;2023-05-01T00:00+02:00;2023;4;5618;4663;6573
14843V1125937;Giæverbukta nord;EV8 S1D10 m31;2023-04-01T00:00+02:00;2023-05-01T00:00+02:00;2023;4;5159;4343;5975
14843V1125937;Giæverbukta nord;EV8 S1D10 m31;2023-04-01T00:00+02:00;2023-05-01T00:00+02:00;2023;4;2445;2063;2827
14843V1125937;Giæverbukta nord;EV8 S1D10 m31;2023-04-01T00:00+02:00;2023-05-01T00:00+02:00;2023;4;9613;8043;11183
14843V1125937;Giæverbukta nord;EV8 S1D10 m31;2023-04-01T00:00+02:00;2023-05-01T00:00+02:00;2023;4;7545;6368;8722
14843V1125937;Giæverbukta nord;EV8 S1D10 m31;2023-04-01T00:00+02:00;2023-05-01T00:00+02:00;2023;4;17158;14413;19903
46453V1109708;Stakkevollvegen;KV37650 S1D1 m913;2022-01-01T00:00+01:00;2022-02-01T00:00+01:00;2022;1;1986;1723;2249
46453V1109708;Stakkevollvegen;KV37650 S1D1 m913;2022-01-01T00:00+01:00;2022-02-01T00:00+01:00;2022;1;3763;3360;4166
46453V1109708;Stakkevollvegen;KV37650 S1D1 m913;2022-01-01T00:00+01:00;2022-02-01T00:00+01:00;2022;1;3782;3376;4188
46453V1109708;Stakkevollvegen;KV37650 S1D1 m913;2022-01-01T00:00+01:00;2022-02-01T00:00+01:00;2022;1;1967;1706;2228
46453V1109708;Stakkevollvegen;KV37650 S1D1 m913;2022-01-01T00:00+01:00;2022-02-01T00:00+01:00;2022;1;5750;5122;6378
46453V1109708;Stakkevollvegen;KV37650 S1D1 m913;2022-02-01T00:00+01:00;2022-03-01T00:00+01:00;2022;2;2873;2563;3183
46453V1109708;Stakkevollvegen;KV37650 S1D1 m913;2022-02-01T00:00+01:00;2022-03-01T00:00+01:00;2022;2;4138;3731;4545
46453V1109708;Stakkevollvegen;KV37650 S1D1 m913;2022-02-01T00:00+01:00;2022-03-01T00:00+01:00;2022;2;4153;3743;4563
46453V1109708;Stakkevollvegen;KV37650 S1D1 m913;2022-02-01T00:00+01:00;2022-03-01T00:00+01:00;2022;2;2859;2550;3168
46453V1109708;Stakkevollvegen;KV37650 S1D1 m913;2022-02-01T00:00+01:00;2022-03-01T00:00+01:00;2022;2;7011;6308;7714
46453V1109708;Stakkevollvegen;KV37650 S1D1 m913;2022-03-01T00:00+01:00;2022-04-01T00:00+02:00;2022;3;2017;1773;2261
46453V1109708;Stakkevollvegen;KV37650 S1D1 m913;2022-03-01T00:00+01:00;2022-04-01T00:00+02:00;2022;3;4314;3918;4710
46453V1109708;Stakkevollvegen;KV37650 S1D1 m913;2022-03-01T00:00+01:00;2022-04-01T00:00+02:00;2022;3;4339;3939;4739
46453V1109708;Stakkevollvegen;KV37650 S1D1 m913;2022-03-01T00:00+01:00;2022-04-01T00:00+02:00;2022;3;1991;1748;2234
46453V1109708;Stakkevollvegen;KV37650 S1D1 m913;2022-03-01T00:00+01:00;2022-04-01T00:00+02:00;2022;3;6331;5733;6929
46453V1109708;Stakkevollvegen;KV37650 S1D1 m913;2022-04-01T00:00+02:00;2022-05-01T00:00+02:00;2022;4;1731;1441;2021
46453V1109708;Stakkevollvegen;KV37650 S1D1 m913;2022-04-01T00:00+02:00;2022-05-01T00:00+02:00;2022;4;3951;3430;4472
46453V1109708;Stakkevollvegen;KV37650 S1D1 m913;2022-04-01T00:00+02:00;2022-05-01T00:00+02:00;2022;4;3979;3451;4507
46453V1109708;Stakkevollvegen;KV37650 S1D1 m913;2022-04-01T00:00+02:00;2022-05-01T00:00+02:00;2022;4;1704;1421;1987
46453V1109708;Stakkevollvegen;KV37650 S1D1 m913;2022-04-01T00:00+02:00;2022-05-01T00:00+02:00;2022;4;5682;4920;6444
46453V1109708;Stakkevollvegen;KV37650 S1D1 m913;2022-05-01T00:00+02:00;2022-06-01T00:00+02:00;2022;5;2630;2251;3009
46453V1109708;Stakkevollvegen;KV37650 S1D1 m913;2022-05-01T00:00+02:00;2022-06-01T00:00+02:00;2022;5;4523;4006;5040
46453V1109708;Stakkevollvegen;KV37650 S1D1 m913;2022-05-01T00:00+02:00;2022-06-01T00:00+02:00;2022;5;4546;4024;5068
46453V1109708;Stakkevollvegen;KV37650 S1D1 m913;2022-05-01T00:00+02:00;2022-06-01T00:00+02:00;2022;5;2607;2231;2983
46453V1109708;Stakkevollvegen;KV37650 S1D1 m913;2022-05-01T00:00+02:00;2022-06-01T00:00+02:00;2022;5;7153;6296;8010
46453V1109708;Stakkevollvegen;KV37650 S1D1 m913;2022-06-01T00:00+02:00;2022-07-01T00:00+02:00;2022;6;3182;2814;3550
46453V1109708;Stakkevollvegen;KV37650 S1D1 m913;2022-06-01T00:00+02:00;2022-07-01T00:00+02:00;2022;6;4573;4129;5017
46453V1109708;Stakkevollvegen;KV37650 S1D1 m913;2022-06-01T00:00+02:00;2022-07-01T00:00+02:00;2022;6;4593;4146;5040
46453V1109708;Stakkevollvegen;KV37650 S1D1 m913;2022-06-01T00:00+02:00;2022-07-01T00:00+02:00;2022;6;3162;2796;3528
46453V1109708;Stakkevollvegen;KV37650 S1D1 m913;2022-06-01T00:00+02:00;2022-07-01T00:00+02:00;2022;6;7755;6975;8535
46453V1109708;Stakkevollvegen;KV37650 S1D1 m913;2022-07-01T00:00+02:00;2022-08-01T00:00+02:00;2022;7;2084;1872;2296
46453V1109708;Stakkevollvegen;KV37650 S1D1 m913;2022-07-01T00:00+02:00;2022-08-01T00:00+02:00;2022;7;3354;3041;3667
46453V1109708;Stakkevollvegen;KV37650 S1D1 m913;2022-07-01T00:00+02:00;2022-08-01T00:00+02:00;2022;7;3366;3051;3681
46453V1109708;Stakkevollvegen;KV37650 S1D1 m913;2022-07-01T00:00+02:00;2022-08-01T00:00+02:00;2022;7;2072;1862;2282
46453V1109708;Stakkevollvegen;KV37650 S1D1 m913;2022-07-01T00:00+02:00;2022-08-01T00:00+02:00;2022;7;5438;4927;5949
46453V1109708;Stakkevollvegen;KV37650 S1D1 m913;2022-08-01T00:00+02:00;2022-09-01T00:00+02:00;2022;8;2707;2423;2991
46453V1109708;Stakkevollvegen;KV37650 S1D1 m913;2022-08-01T00:00+02:00;2022-09-01T00:00+02:00;2022;8;4129;3759;4499
46453V1109708;Stakkevollvegen;KV37650 S1D1 m913;2022-08-01T00:00+02:00;2022-09-01T00:00+02:00;2022;8;4147;3774;4520
46453V1109708;Stakkevollvegen;KV37650 S1D1 m913;2022-08-01T00:00+02:00;2022-09-01T00:00+02:00;2022;8;2689;2407;2971
46453V1109708;Stakkevollvegen;KV37650 S1D1 m913;2022-08-01T00:00+02:00;2022-09-01T00:00+02:00;2022;8;6836;6190;7482
46453V1109708;Stakkevollvegen;KV37650 S1D1 m913;2022-09-01T00:00+02:00;2022-10-01T00:00+02:00;2022;9;3153;2885;3421
46453V1109708;Stakkevollvegen;KV37650 S1D1 m913;2022-09-01T00:00+02:00;2022-10-01T00:00+02:00;2022;9;4282;3895;4669
46453V1109708;Stakkevollvegen;KV37650 S1D1 m913;2022-09-01T00:00+02:00;2022-10-01T00:00+02:00;2022;9;4337;3947;4727
46453V1109708;Stakkevollvegen;KV37650 S1D1 m913;2022-09-01T00:00+02:00;2022-10-01T00:00+02:00;2022;9;3098;2843;3353
46453V1109708;Stakkevollvegen;KV37650 S1D1 m913;2022-09-01T00:00+02:00;2022-10-01T00:00+02:00;2022;9;7435;6797;8073
46453V1109708;Stakkevollvegen;KV37650 S1D1 m913;2022-10-01T00:00+02:00;2022-11-01T00:00+01:00;2022;10;2165;1882;2448
46453V1109708;Stakkevollvegen;KV37650 S1D1 m913;2022-10-01T00:00+02:00;2022-11-01T00:00+01:00;2022;10;4268;3822;4714
46453V1109708;Stakkevollvegen;KV37650 S1D1 m913;2022-10-01T00:00+02:00;2022-11-01T00:00+01:00;2022;10;4292;3842;4742
46453V1109708;Stakkevollvegen;KV37650 S1D1 m913;2022-10-01T00:00+02:00;2022-11-01T00:00+01:00;2022;10;2141;1861;2421
46453V1109708;Stakkevollvegen;KV37650 S1D1 m913;2022-10-01T00:00+02:00;2022-11-01T00:00+01:00;2022;10;6433;5730;7136
46453V1109708;Stakkevollvegen;KV37650 S1D1 m913;2022-11-01T00:00+01:00;2022-12-01T00:00+01:00;2022;11;2664;2329;2999
46453V1109708;Stakkevollvegen;KV37650 S1D1 m913;2022-11-01T00:00+01:00;2022-12-01T00:00+01:00;2022;11;4447;4022;4872
46453V1109708;Stakkevollvegen;KV37650 S1D1 m913;2022-11-01T00:00+01:00;2022-12-01T00:00+01:00;2022;11;4468;4040;4896
46453V1109708;Stakkevollvegen;KV37650 S1D1 m913;2022-11-01T00:00+01:00;2022-12-01T00:00+01:00;2022;11;2644;2310;2978
46453V1109708;Stakkevollvegen;KV37650 S1D1 m913;2022-11-01T00:00+01:00;2022-12-01T00:00+01:00;2022;11;7111;6397;7825
46453V1109708;Stakkevollvegen;KV37650 S1D1 m913;2022-12-01T00:00+01:00;2023-01-01T00:00+01:00;2022;12;2094;1763;2425
46453V1109708;Stakkevollvegen;KV37650 S1D1 m913;2022-12-01T00:00+01:00;2023-01-01T00:00+01:00;2022;12;3794;3325;4263
46453V1109708;Stakkevollvegen;KV37650 S1D1 m913;2022-12-01T00:00+01:00;2023-01-01T00:00+01:00;2022;12;3810;3338;4282
46453V1109708;Stakkevollvegen;KV37650 S1D1 m913;2022-12-01T00:00+01:00;2023-01-01T00:00+01:00;2022;12;2077;1748;2406
46453V1109708;Stakkevollvegen;KV37650 S1D1 m913;2022-12-01T00:00+01:00;2023-01-01T00:00+01:00;2022;12;5888;5113;6663
46453V1109708;Stakkevollvegen;KV37650 S1D1 m913;2023-01-01T00:00+01:00;2023-02-01T00:00+01:00;2023;1;1640;1429;1851
46453V1109708;Stakkevollvegen;KV37650 S1D1 m913;2023-01-01T00:00+01:00;2023-02-01T00:00+01:00;2023;1;3669;3304;4034
46453V1109708;Stakkevollvegen;KV37650 S1D1 m913;2023-01-01T00:00+01:00;2023-02-01T00:00+01:00;2023;1;3682;3315;4049
46453V1109708;Stakkevollvegen;KV37650 S1D1 m913;2023-01-01T00:00+01:00;2023-02-01T00:00+01:00;2023;1;1627;1417;1837
46453V1109708;Stakkevollvegen;KV37650 S1D1 m913;2023-01-01T00:00+01:00;2023-02-01T00:00+01:00;2023;1;5309;4777;5841
46453V1109708;Stakkevollvegen;KV37650 S1D1 m913;2023-02-01T00:00+01:00;2023-03-01T00:00+01:00;2023;2;1687;1455;1919
46453V1109708;Stakkevollvegen;KV37650 S1D1 m913;2023-02-01T00:00+01:00;2023-03-01T00:00+01:00;2023;2;3989;3549;4429
46453V1109708;Stakkevollvegen;KV37650 S1D1 m913;2023-02-01T00:00+01:00;2023-03-01T00:00+01:00;2023;2;4007;3564;4450
46453V1109708;Stakkevollvegen;KV37650 S1D1 m913;2023-02-01T00:00+01:00;2023-03-01T00:00+01:00;2023;2;1669;1439;1899
46453V1109708;Stakkevollvegen;KV37650 S1D1 m913;2023-02-01T00:00+01:00;2023-03-01T00:00+01:00;2023;2;5676;5038;6314
46453V1109708;Stakkevollvegen;KV37650 S1D1 m913;2023-03-01T00:00+01:00;2023-04-01T00:00+02:00;2023;3;2153;1853;2453
46453V1109708;Stakkevollvegen;KV37650 S1D1 m913;2023-03-01T00:00+01:00;2023-04-01T00:00+02:00;2023;3;3919;3536;4302
46453V1109708;Stakkevollvegen;KV37650 S1D1 m913;2023-03-01T00:00+01:00;2023-04-01T00:00+02:00;2023;3;3935;3550;4320
46453V1109708;Stakkevollvegen;KV37650 S1D1 m913;2023-03-01T00:00+01:00;2023-04-01T00:00+02:00;2023;3;2137;1837;2437
46453V1109708;Stakkevollvegen;KV37650 S1D1 m913;2023-03-01T00:00+01:00;2023-04-01T00:00+02:00;2023;3;6072;5426;6718
46453V1109708;Stakkevollvegen;KV37650 S1D1 m913;2023-04-01T00:00+02:00;2023-05-01T00:00+02:00;2023;4;1730;1408;2052
46453V1109708;Stakkevollvegen;KV37650 S1D1 m913;2023-04-01T00:00+02:00;2023-05-01T00:00+02:00;2023;4;3585;3094;4076
46453V1109708;Stakkevollvegen;KV37650 S1D1 m913;2023-04-01T00:00+02:00;2023-05-01T00:00+02:00;2023;4;3602;3107;4097
46453V1109708;Stakkevollvegen;KV37650 S1D1 m913;2023-04-01T00:00+02:00;2023-05-01T00:00+02:00;2023;4;1712;1394;2030
46453V1109708;Stakkevollvegen;KV37650 S1D1 m913;2023-04-01T00:00+02:00;2023-05-01T00:00+02:00;2023;4;5315;4524;6106
47285V3050559;Kvaløyvegen;KV20600 S1D70 m1342;2022-01-01T00:00+01:00;2022-02-01T00:00+01:00;2022;1;2734;2535;2933
47285V3050559;Kvaløyvegen;KV20600 S1D70 m1342;2022-01-01T00:00+01:00;2022-02-01T00:00+01:00;2022;1;2720;2533;2907
47285V3050559;Kvaløyvegen;KV20600 S1D70 m1342;2022-01-01T00:00+01:00;2022-02-01T00:00+01:00;2022;1;2713;2526;2900
47285V3050559;Kvaløyvegen;KV20600 S1D70 m1342;2022-01-01T00:00+01:00;2022-02-01T00:00+01:00;2022;1;2741;2542;2940
47285V3050559;Kvaløyvegen;KV20600 S1D70 m1342;2022-01-01T00:00+01:00;2022-02-01T00:00+01:00;2022;1;5454;5068;5840
47285V3050559;Kvaløyvegen;KV20600 S1D70 m1342;2022-02-01T00:00+01:00;2022-03-01T00:00+01:00;2022;2;2829;2670;2988
47285V3050559;Kvaløyvegen;KV20600 S1D70 m1342;2022-02-01T00:00+01:00;2022-03-01T00:00+01:00;2022;2;2833;2681;2985
47285V3050559;Kvaløyvegen;KV20600 S1D70 m1342;2022-02-01T00:00+01:00;2022-03-01T00:00+01:00;2022;2;2828;2675;2981
47285V3050559;Kvaløyvegen;KV20600 S1D70 m1342;2022-02-01T00:00+01:00;2022-03-01T00:00+01:00;2022;2;2835;2677;2993
47285V3050559;Kvaløyvegen;KV20600 S1D70 m1342;2022-02-01T00:00+01:00;2022-03-01T00:00+01:00;2022;2;5663;5352;5974
47285V3050559;Kvaløyvegen;KV20600 S1D70 m1342;2022-03-01T00:00+01:00;2022-04-01T00:00+02:00;2022;3;2884;2753;3015
47285V3050559;Kvaløyvegen;KV20600 S1D70 m1342;2022-03-01T00:00+01:00;2022-04-01T00:00+02:00;2022;3;2904;2780;3028
47285V3050559;Kvaløyvegen;KV20600 S1D70 m1342;2022-03-01T00:00+01:00;2022-04-01T00:00+02:00;2022;3;2891;2768;3014
47285V3050559;Kvaløyvegen;KV20600 S1D70 m1342;2022-03-01T00:00+01:00;2022-04-01T00:00+02:00;2022;3;2897;2765;3029
47285V3050559;Kvaløyvegen;KV20600 S1D70 m1342;2022-03-01T00:00+01:00;2022-04-01T00:00+02:00;2022;3;5788;5535;6041
47285V3050559;Kvaløyvegen;KV20600 S1D70 m1342;2022-04-01T00:00+02:00;2022-05-01T00:00+02:00;2022;4;2812;2565;3059
47285V3050559;Kvaløyvegen;KV20600 S1D70 m1342;2022-04-01T00:00+02:00;2022-05-01T00:00+02:00;2022;4;2860;2620;3100
47285V3050559;Kvaløyvegen;KV20600 S1D70 m1342;2022-04-01T00:00+02:00;2022-05-01T00:00+02:00;2022;4;2848;2608;3088
47285V3050559;Kvaløyvegen;KV20600 S1D70 m1342;2022-04-01T00:00+02:00;2022-05-01T00:00+02:00;2022;4;2824;2577;3071
47285V3050559;Kvaløyvegen;KV20600 S1D70 m1342;2022-04-01T00:00+02:00;2022-05-01T00:00+02:00;2022;4;5671;5184;6158
47285V3050559;Kvaløyvegen;KV20600 S1D70 m1342;2022-05-01T00:00+02:00;2022-06-01T00:00+02:00;2022;5;3331;3072;3590
47285V3050559;Kvaløyvegen;KV20600 S1D70 m1342;2022-05-01T00:00+02:00;2022-06-01T00:00+02:00;2022;5;3330;3083;3577
47285V3050559;Kvaløyvegen;KV20600 S1D70 m1342;2022-05-01T00:00+02:00;2022-06-01T00:00+02:00;2022;5;3323;3076;3570
47285V3050559;Kvaløyvegen;KV20600 S1D70 m1342;2022-05-01T00:00+02:00;2022-06-01T00:00+02:00;2022;5;3337;3078;3596
47285V3050559;Kvaløyvegen;KV20600 S1D70 m1342;2022-05-01T00:00+02:00;2022-06-01T00:00+02:00;2022;5;6660;6155;7165
47285V3050559;Kvaløyvegen;KV20600 S1D70 m1342;2022-06-01T00:00+02:00;2022-07-01T00:00+02:00;2022;6;3444;3197;3691
47285V3050559;Kvaløyvegen;KV20600 S1D70 m1342;2022-06-01T00:00+02:00;2022-07-01T00:00+02:00;2022;6;3408;3182;3634
47285V3050559;Kvaløyvegen;KV20600 S1D70 m1342;2022-06-01T00:00+02:00;2022-07-01T00:00+02:00;2022;6;3401;3175;3627
47285V3050559;Kvaløyvegen;KV20600 S1D70 m1342;2022-06-01T00:00+02:00;2022-07-01T00:00+02:00;2022;6;3451;3204;3698
47285V3050559;Kvaløyvegen;KV20600 S1D70 m1342;2022-06-01T00:00+02:00;2022-07-01T00:00+02:00;2022;6;6853;6381;7325
47285V3050559;Kvaløyvegen;KV20600 S1D70 m1342;2022-07-01T00:00+02:00;2022-08-01T00:00+02:00;2022;7;2520;2363;2677
47285V3050559;Kvaløyvegen;KV20600 S1D70 m1342;2022-07-01T00:00+02:00;2022-08-01T00:00+02:00;2022;7;2530;2382;2678
47285V3050559;Kvaløyvegen;KV20600 S1D70 m1342;2022-07-01T00:00+02:00;2022-08-01T00:00+02:00;2022;7;2523;2375;2671
47285V3050559;Kvaløyvegen;KV20600 S1D70 m1342;2022-07-01T00:00+02:00;2022-08-01T00:00+02:00;2022;7;2527;2370;2684
47285V3050559;Kvaløyvegen;KV20600 S1D70 m1342;2022-07-01T00:00+02:00;2022-08-01T00:00+02:00;2022;7;5050;4746;5354
47285V3050559;Kvaløyvegen;KV20600 S1D70 m1342;2022-08-01T00:00+02:00;2022-09-01T00:00+02:00;2022;8;3078;2874;3282
47285V3050559;Kvaløyvegen;KV20600 S1D70 m1342;2022-08-01T00:00+02:00;2022-09-01T00:00+02:00;2022;8;3064;2876;3252
47285V3050559;Kvaløyvegen;KV20600 S1D70 m1342;2022-08-01T00:00+02:00;2022-09-01T00:00+02:00;2022;8;3057;2869;3245
47285V3050559;Kvaløyvegen;KV20600 S1D70 m1342;2022-08-01T00:00+02:00;2022-09-01T00:00+02:00;2022;8;3085;2881;3289
47285V3050559;Kvaløyvegen;KV20600 S1D70 m1342;2022-08-01T00:00+02:00;2022-09-01T00:00+02:00;2022;8;6142;5750;6534
47285V3050559;Kvaløyvegen;KV20600 S1D70 m1342;2022-09-01T00:00+02:00;2022-10-01T00:00+02:00;2022;9;3254;3060;3448
47285V3050559;Kvaløyvegen;KV20600 S1D70 m1342;2022-09-01T00:00+02:00;2022-10-01T00:00+02:00;2022;9;3235;3055;3415
47285V3050559;Kvaløyvegen;KV20600 S1D70 m1342;2022-09-01T00:00+02:00;2022-10-01T00:00+02:00;2022;9;3225;3046;3404
47285V3050559;Kvaløyvegen;KV20600 S1D70 m1342;2022-09-01T00:00+02:00;2022-10-01T00:00+02:00;2022;9;3264;3069;3459
47285V3050559;Kvaløyvegen;KV20600 S1D70 m1342;2022-09-01T00:00+02:00;2022-10-01T00:00+02:00;2022;9;6490;6117;6863
47285V3050559;Kvaløyvegen;KV20600 S1D70 m1342;2022-10-01T00:00+02:00;2022-11-01T00:00+01:00;2022;10;3148;2958;3338
47285V3050559;Kvaløyvegen;KV20600 S1D70 m1342;2022-10-01T00:00+02:00;2022-11-01T00:00+01:00;2022;10;3093;2923;3263
47285V3050559;Kvaløyvegen;KV20600 S1D70 m1342;2022-10-01T00:00+02:00;2022-11-01T00:00+01:00;2022;10;3086;2917;3255
47285V3050559;Kvaløyvegen;KV20600 S1D70 m1342;2022-10-01T00:00+02:00;2022-11-01T00:00+01:00;2022;10;3155;2964;3346
47285V3050559;Kvaløyvegen;KV20600 S1D70 m1342;2022-10-01T00:00+02:00;2022-11-01T00:00+01:00;2022;10;6241;5882;6600
47285V3050559;Kvaløyvegen;KV20600 S1D70 m1342;2022-11-01T00:00+01:00;2022-12-01T00:00+01:00;2022;11;3150;2978;3322
47285V3050559;Kvaløyvegen;KV20600 S1D70 m1342;2022-11-01T00:00+01:00;2022-12-01T00:00+01:00;2022;11;3131;2969;3293
47285V3050559;Kvaløyvegen;KV20600 S1D70 m1342;2022-11-01T00:00+01:00;2022-12-01T00:00+01:00;2022;11;3119;2956;3282
47285V3050559;Kvaløyvegen;KV20600 S1D70 m1342;2022-11-01T00:00+01:00;2022-12-01T00:00+01:00;2022;11;3162;2991;3333
47285V3050559;Kvaløyvegen;KV20600 S1D70 m1342;2022-11-01T00:00+01:00;2022-12-01T00:00+01:00;2022;11;6281;5948;6614
47285V3050559;Kvaløyvegen;KV20600 S1D70 m1342;2022-12-01T00:00+01:00;2023-01-01T00:00+01:00;2022;12;2929;2686;3172
47285V3050559;Kvaløyvegen;KV20600 S1D70 m1342;2022-12-01T00:00+01:00;2023-01-01T00:00+01:00;2022;12;2902;2665;3139
47285V3050559;Kvaløyvegen;KV20600 S1D70 m1342;2022-12-01T00:00+01:00;2023-01-01T00:00+01:00;2022;12;2896;2659;3133
47285V3050559;Kvaløyvegen;KV20600 S1D70 m1342;2022-12-01T00:00+01:00;2023-01-01T00:00+01:00;2022;12;2935;2692;3178
47285V3050559;Kvaløyvegen;KV20600 S1D70 m1342;2022-12-01T00:00+01:00;2023-01-01T00:00+01:00;2022;12;5831;5352;6310
47285V3050559;Kvaløyvegen;KV20600 S1D70 m1342;2023-01-01T00:00+01:00;2023-02-01T00:00+01:00;2023;1;2440;2282;2598
47285V3050559;Kvaløyvegen;KV20600 S1D70 m1342;2023-01-01T00:00+01:00;2023-02-01T00:00+01:00;2023;1;2403;2254;2552
47285V3050559;Kvaløyvegen;KV20600 S1D70 m1342;2023-01-01T00:00+01:00;2023-02-01T00:00+01:00;2023;1;2397;2248;2546
47285V3050559;Kvaløyvegen;KV20600 S1D70 m1342;2023-01-01T00:00+01:00;2023-02-01T00:00+01:00;2023;1;2446;2288;2604
47285V3050559;Kvaløyvegen;KV20600 S1D70 m1342;2023-01-01T00:00+01:00;2023-02-01T00:00+01:00;2023;1;4843;4536;5150
47285V3050559;Kvaløyvegen;KV20600 S1D70 m1342;2023-02-01T00:00+01:00;2023-03-01T00:00+01:00;2023;2;2544;2386;2702
47285V3050559;Kvaløyvegen;KV20600 S1D70 m1342;2023-02-01T00:00+01:00;2023-03-01T00:00+01:00;2023;2;2497;2350;2644
47285V3050559;Kvaløyvegen;KV20600 S1D70 m1342;2023-02-01T00:00+01:00;2023-03-01T00:00+01:00;2023;2;2492;2346;2638
47285V3050559;Kvaløyvegen;KV20600 S1D70 m1342;2023-02-01T00:00+01:00;2023-03-01T00:00+01:00;2023;2;2549;2391;2707
47285V3050559;Kvaløyvegen;KV20600 S1D70 m1342;2023-02-01T00:00+01:00;2023-03-01T00:00+01:00;2023;2;5041;4737;5345
47285V3050559;Kvaløyvegen;KV20600 S1D70 m1342;2023-03-01T00:00+01:00;2023-04-01T00:00+02:00;2023;3;2632;2493;2771
47285V3050559;Kvaløyvegen;KV20600 S1D70 m1342;2023-03-01T00:00+01:00;2023-04-01T00:00+02:00;2023;3;2577;2446;2708
47285V3050559;Kvaløyvegen;KV20600 S1D70 m1342;2023-03-01T00:00+01:00;2023-04-01T00:00+02:00;2023;3;2574;2443;2705
47285V3050559;Kvaløyvegen;KV20600 S1D70 m1342;2023-03-01T00:00+01:00;2023-04-01T00:00+02:00;2023;3;2635;2496;2774
47285V3050559;Kvaløyvegen;KV20600 S1D70 m1342;2023-03-01T00:00+01:00;2023-04-01T00:00+02:00;2023;3;5209;4940;5478
47285V3050559;Kvaløyvegen;KV20600 S1D70 m1342;2023-04-01T00:00+02:00;2023-05-01T00:00+02:00;2023;4;2569;2336;2802
47285V3050559;Kvaløyvegen;KV20600 S1D70 m1342;2023-04-01T00:00+02:00;2023-05-01T00:00+02:00;2023;4;2564;2339;2789
47285V3050559;Kvaløyvegen;KV20600 S1D70 m1342;2023-04-01T00:00+02:00;2023-05-01T00:00+02:00;2023;4;2556;2332;2780
47285V3050559;Kvaløyvegen;KV20600 S1D70 m1342;2023-04-01T00:00+02:00;2023-05-01T00:00+02:00;2023;4;2577;2343;2811
47285V3050559;Kvaløyvegen;KV20600 S1D70 m1342;2023-04-01T00:00+02:00;2023-05-01T00:00+02:00;2023;4;5133;4675;5591
55092V1125799;Breivika;EV8 S2D1 m207;2022-01-01T00:00+01:00;2022-02-01T00:00+01:00;2022;1;2498;2166;2830
55092V1125799;Breivika;EV8 S2D1 m207;2022-01-01T00:00+01:00;2022-02-01T00:00+01:00;2022;1;4157;3706;4608
55092V1125799;Breivika;EV8 S2D1 m207;2022-01-01T00:00+01:00;2022-02-01T00:00+01:00;2022;1;8038;7123;8953
55092V1125799;Breivika;EV8 S2D1 m207;2022-01-01T00:00+01:00;2022-02-01T00:00+01:00;2022;1;6038;5303;6773
55092V1125799;Breivika;EV8 S2D1 m207;2022-01-01T00:00+01:00;2022-02-01T00:00+01:00;2022;1;10536;9292;11780
55092V1125799;Breivika;EV8 S2D1 m207;2022-01-01T00:00+01:00;2022-02-01T00:00+01:00;2022;1;10194;9015;11373
55092V1125799;Breivika;EV8 S2D1 m207;2022-01-01T00:00+01:00;2022-02-01T00:00+01:00;2022;1;20730;18308;23152
55092V1125799;Breivika;EV8 S2D1 m207;2022-02-01T00:00+01:00;2022-03-01T00:00+01:00;2022;2;2736;2410;3062
55092V1125799;Breivika;EV8 S2D1 m207;2022-02-01T00:00+01:00;2022-03-01T00:00+01:00;2022;2;4563;4127;4999
55092V1125799;Breivika;EV8 S2D1 m207;2022-02-01T00:00+01:00;2022-03-01T00:00+01:00;2022;2;8641;7744;9538
55092V1125799;Breivika;EV8 S2D1 m207;2022-02-01T00:00+01:00;2022-03-01T00:00+01:00;2022;2;6427;5703;7151
55092V1125799;Breivika;EV8 S2D1 m207;2022-02-01T00:00+01:00;2022-03-01T00:00+01:00;2022;2;11378;10157;12599
55092V1125799;Breivika;EV8 S2D1 m207;2022-02-01T00:00+01:00;2022-03-01T00:00+01:00;2022;2;10990;9835;12145
55092V1125799;Breivika;EV8 S2D1 m207;2022-02-01T00:00+01:00;2022-03-01T00:00+01:00;2022;2;22368;19993;24743
55092V1125799;Breivika;EV8 S2D1 m207;2022-03-01T00:00+01:00;2022-04-01T00:00+02:00;2022;3;2778;2462;3094
55092V1125799;Breivika;EV8 S2D1 m207;2022-03-01T00:00+01:00;2022-04-01T00:00+02:00;2022;3;4821;4391;5251
55092V1125799;Breivika;EV8 S2D1 m207;2022-03-01T00:00+01:00;2022-04-01T00:00+02:00;2022;3;9045;8189;9901
55092V1125799;Breivika;EV8 S2D1 m207;2022-03-01T00:00+01:00;2022-04-01T00:00+02:00;2022;3;6651;5964;7338
55092V1125799;Breivika;EV8 S2D1 m207;2022-03-01T00:00+01:00;2022-04-01T00:00+02:00;2022;3;11824;10657;12991
55092V1125799;Breivika;EV8 S2D1 m207;2022-03-01T00:00+01:00;2022-04-01T00:00+02:00;2022;3;11472;10359;12585
55092V1125799;Breivika;EV8 S2D1 m207;2022-03-01T00:00+01:00;2022-04-01T00:00+02:00;2022;3;23296;21017;25575
55092V1125799;Breivika;EV8 S2D1 m207;2022-04-01T00:00+02:00;2022-05-01T00:00+02:00;2022;4;2447;2040;2854
55092V1125799;Breivika;EV8 S2D1 m207;2022-04-01T00:00+02:00;2022-05-01T00:00+02:00;2022;4;4461;3863;5059
55092V1125799;Breivika;EV8 S2D1 m207;2022-04-01T00:00+02:00;2022-05-01T00:00+02:00;2022;4;8194;7087;9301
55092V1125799;Breivika;EV8 S2D1 m207;2022-04-01T00:00+02:00;2022-05-01T00:00+02:00;2022;4;5881;5017;6745
55092V1125799;Breivika;EV8 S2D1 m207;2022-04-01T00:00+02:00;2022-05-01T00:00+02:00;2022;4;10642;9131;12153
55092V1125799;Breivika;EV8 S2D1 m207;2022-04-01T00:00+02:00;2022-05-01T00:00+02:00;2022;4;10342;8884;11800
55092V1125799;Breivika;EV8 S2D1 m207;2022-04-01T00:00+02:00;2022-05-01T00:00+02:00;2022;4;20984;18015;23953
55092V1125799;Breivika;EV8 S2D1 m207;2022-05-01T00:00+02:00;2022-06-01T00:00+02:00;2022;5;2740;2371;3109
55092V1125799;Breivika;EV8 S2D1 m207;2022-05-01T00:00+02:00;2022-06-01T00:00+02:00;2022;5;4990;4415;5565
55092V1125799;Breivika;EV8 S2D1 m207;2022-05-01T00:00+02:00;2022-06-01T00:00+02:00;2022;5;9253;8176;10330
55092V1125799;Breivika;EV8 S2D1 m207;2022-05-01T00:00+02:00;2022-06-01T00:00+02:00;2022;5;6665;5834;7496
55092V1125799;Breivika;EV8 S2D1 m207;2022-05-01T00:00+02:00;2022-06-01T00:00+02:00;2022;5;11993;10549;13437
55092V1125799;Breivika;EV8 S2D1 m207;2022-05-01T00:00+02:00;2022-06-01T00:00+02:00;2022;5;11655;10257;13053
55092V1125799;Breivika;EV8 S2D1 m207;2022-05-01T00:00+02:00;2022-06-01T00:00+02:00;2022;5;23648;20807;26489
55092V1125799;Breivika;EV8 S2D1 m207;2022-06-01T00:00+02:00;2022-07-01T00:00+02:00;2022;6;2963;2586;3340
55092V1125799;Breivika;EV8 S2D1 m207;2022-06-01T00:00+02:00;2022-07-01T00:00+02:00;2022;6;5189;4640;5738
55092V1125799;Breivika;EV8 S2D1 m207;2022-06-01T00:00+02:00;2022-07-01T00:00+02:00;2022;6;9390;8377;10403
55092V1125799;Breivika;EV8 S2D1 m207;2022-06-01T00:00+02:00;2022-07-01T00:00+02:00;2022;6;6696;5940;7452
55092V1125799;Breivika;EV8 S2D1 m207;2022-06-01T00:00+02:00;2022-07-01T00:00+02:00;2022;6;12353;10970;13736
55092V1125799;Breivika;EV8 S2D1 m207;2022-06-01T00:00+02:00;2022-07-01T00:00+02:00;2022;6;11885;10582;13188
55092V1125799;Breivika;EV8 S2D1 m207;2022-06-01T00:00+02:00;2022-07-01T00:00+02:00;2022;6;24238;21553;26923
55092V1125799;Breivika;EV8 S2D1 m207;2022-07-01T00:00+02:00;2022-08-01T00:00+02:00;2022;7;1775;1583;1967
55092V1125799;Breivika;EV8 S2D1 m207;2022-07-01T00:00+02:00;2022-08-01T00:00+02:00;2022;7;3883;3416;4350
55092V1125799;Breivika;EV8 S2D1 m207;2022-07-01T00:00+02:00;2022-08-01T00:00+02:00;2022;7;6867;6132;7602
55092V1125799;Breivika;EV8 S2D1 m207;2022-07-01T00:00+02:00;2022-08-01T00:00+02:00;2022;7;4618;4085;5151
55092V1125799;Breivika;EV8 S2D1 m207;2022-07-01T00:00+02:00;2022-08-01T00:00+02:00;2022;7;8643;7718;9568
55092V1125799;Breivika;EV8 S2D1 m207;2022-07-01T00:00+02:00;2022-08-01T00:00+02:00;2022;7;8501;7569;9433
55092V1125799;Breivika;EV8 S2D1 m207;2022-07-01T00:00+02:00;2022-08-01T00:00+02:00;2022;7;17144;15288;19000
55092V1125799;Breivika;EV8 S2D1 m207;2022-08-01T00:00+02:00;2022-09-01T00:00+02:00;2022;8;2504;2204;2804
55092V1125799;Breivika;EV8 S2D1 m207;2022-08-01T00:00+02:00;2022-09-01T00:00+02:00;2022;8;4647;4169;5125
55092V1125799;Breivika;EV8 S2D1 m207;2022-08-01T00:00+02:00;2022-09-01T00:00+02:00;2022;8;8664;7760;9568
55092V1125799;Breivika;EV8 S2D1 m207;2022-08-01T00:00+02:00;2022-09-01T00:00+02:00;2022;8;6263;5541;6985
55092V1125799;Breivika;EV8 S2D1 m207;2022-08-01T00:00+02:00;2022-09-01T00:00+02:00;2022;8;11169;9973;12365
55092V1125799;Breivika;EV8 S2D1 m207;2022-08-01T00:00+02:00;2022-09-01T00:00+02:00;2022;8;10910;9750;12070
55092V1125799;Breivika;EV8 S2D1 m207;2022-08-01T00:00+02:00;2022-09-01T00:00+02:00;2022;8;22078;19723;24433
55092V1125799;Breivika;EV8 S2D1 m207;2022-09-01T00:00+02:00;2022-10-01T00:00+02:00;2022;9;2851;2536;3166
55092V1125799;Breivika;EV8 S2D1 m207;2022-09-01T00:00+02:00;2022-10-01T00:00+02:00;2022;9;5072;4582;5562
55092V1125799;Breivika;EV8 S2D1 m207;2022-09-01T00:00+02:00;2022-10-01T00:00+02:00;2022;9;9228;8302;10154
55092V1125799;Breivika;EV8 S2D1 m207;2022-09-01T00:00+02:00;2022-10-01T00:00+02:00;2022;9;6648;5929;7367
55092V1125799;Breivika;EV8 S2D1 m207;2022-09-01T00:00+02:00;2022-10-01T00:00+02:00;2022;9;12078;10840;13316
55092V1125799;Breivika;EV8 S2D1 m207;2022-09-01T00:00+02:00;2022-10-01T00:00+02:00;2022;9;11720;10516;12924
55092V1125799;Breivika;EV8 S2D1 m207;2022-09-01T00:00+02:00;2022-10-01T00:00+02:00;2022;9;23799;21358;26240
55092V1125799;Breivika;EV8 S2D1 m207;2022-10-01T00:00+02:00;2022-11-01T00:00+01:00;2022;10;2761;2430;3092
55092V1125799;Breivika;EV8 S2D1 m207;2022-10-01T00:00+02:00;2022-11-01T00:00+01:00;2022;10;5035;4518;5552
55092V1125799;Breivika;EV8 S2D1 m207;2022-10-01T00:00+02:00;2022-11-01T00:00+01:00;2022;10;9041;8058;10024
55092V1125799;Breivika;EV8 S2D1 m207;2022-10-01T00:00+02:00;2022-11-01T00:00+01:00;2022;10;6460;5698;7222
55092V1125799;Breivika;EV8 S2D1 m207;2022-10-01T00:00+02:00;2022-11-01T00:00+01:00;2022;10;11803;10492;13114
55092V1125799;Breivika;EV8 S2D1 m207;2022-10-01T00:00+02:00;2022-11-01T00:00+01:00;2022;10;11494;10221;12767
55092V1125799;Breivika;EV8 S2D1 m207;2022-10-01T00:00+02:00;2022-11-01T00:00+01:00;2022;10;23297;20714;25880
55092V1125799;Breivika;EV8 S2D1 m207;2022-11-01T00:00+01:00;2022-12-01T00:00+01:00;2022;11;2787;2474;3100
55092V1125799;Breivika;EV8 S2D1 m207;2022-11-01T00:00+01:00;2022-12-01T00:00+01:00;2022;11;4985;4494;5476
55092V1125799;Breivika;EV8 S2D1 m207;2022-11-01T00:00+01:00;2022-12-01T00:00+01:00;2022;11;8940;8061;9819
55092V1125799;Breivika;EV8 S2D1 m207;2022-11-01T00:00+01:00;2022-12-01T00:00+01:00;2022;11;6375;5717;7033
55092V1125799;Breivika;EV8 S2D1 m207;2022-11-01T00:00+01:00;2022-12-01T00:00+01:00;2022;11;11727;10538;12916
55092V1125799;Breivika;EV8 S2D1 m207;2022-11-01T00:00+01:00;2022-12-01T00:00+01:00;2022;11;11360;10219;12501
55092V1125799;Breivika;EV8 S2D1 m207;2022-11-01T00:00+01:00;2022-12-01T00:00+01:00;2022;11;23087;20759;25415
55092V1125799;Breivika;EV8 S2D1 m207;2022-12-01T00:00+01:00;2023-01-01T00:00+01:00;2022;12;2418;2069;2767
55092V1125799;Breivika;EV8 S2D1 m207;2022-12-01T00:00+01:00;2023-01-01T00:00+01:00;2022;12;4344;3838;4850
55092V1125799;Breivika;EV8 S2D1 m207;2022-12-01T00:00+01:00;2023-01-01T00:00+01:00;2022;12;7817;6872;8762
55092V1125799;Breivika;EV8 S2D1 m207;2022-12-01T00:00+01:00;2023-01-01T00:00+01:00;2022;12;5665;4921;6409
55092V1125799;Breivika;EV8 S2D1 m207;2022-12-01T00:00+01:00;2023-01-01T00:00+01:00;2022;12;10235;8944;11526
55092V1125799;Breivika;EV8 S2D1 m207;2022-12-01T00:00+01:00;2023-01-01T00:00+01:00;2022;12;10010;8768;11252
55092V1125799;Breivika;EV8 S2D1 m207;2022-12-01T00:00+01:00;2023-01-01T00:00+01:00;2022;12;20245;17712;22778
55092V1125799;Breivika;EV8 S2D1 m207;2023-01-01T00:00+01:00;2023-02-01T00:00+01:00;2023;1;2178;1925;2431
55092V1125799;Breivika;EV8 S2D1 m207;2023-01-01T00:00+01:00;2023-02-01T00:00+01:00;2023;1;3973;3581;4365
55092V1125799;Breivika;EV8 S2D1 m207;2023-01-01T00:00+01:00;2023-02-01T00:00+01:00;2023;1;7426;6652;8200
55092V1125799;Breivika;EV8 S2D1 m207;2023-01-01T00:00+01:00;2023-02-01T00:00+01:00;2023;1;5401;4786;6016
55092V1125799;Breivika;EV8 S2D1 m207;2023-01-01T00:00+01:00;2023-02-01T00:00+01:00;2023;1;9603;8579;10627
55092V1125799;Breivika;EV8 S2D1 m207;2023-01-01T00:00+01:00;2023-02-01T00:00+01:00;2023;1;9374;8373;10375
55092V1125799;Breivika;EV8 S2D1 m207;2023-01-01T00:00+01:00;2023-02-01T00:00+01:00;2023;1;18977;16953;21001
55092V1125799;Breivika;EV8 S2D1 m207;2023-02-01T00:00+01:00;2023-03-01T00:00+01:00;2023;2;2267;2025;2509
55092V1125799;Breivika;EV8 S2D1 m207;2023-02-01T00:00+01:00;2023-03-01T00:00+01:00;2023;2;4121;3718;4524
55092V1125799;Breivika;EV8 S2D1 m207;2023-02-01T00:00+01:00;2023-03-01T00:00+01:00;2023;2;7724;6894;8554
55092V1125799;Breivika;EV8 S2D1 m207;2023-02-01T00:00+01:00;2023-03-01T00:00+01:00;2023;2;5802;5123;6481
55092V1125799;Breivika;EV8 S2D1 m207;2023-02-01T00:00+01:00;2023-03-01T00:00+01:00;2023;2;9991;8930;11052
55092V1125799;Breivika;EV8 S2D1 m207;2023-02-01T00:00+01:00;2023-03-01T00:00+01:00;2023;2;9923;8855;10991
55092V1125799;Breivika;EV8 S2D1 m207;2023-02-01T00:00+01:00;2023-03-01T00:00+01:00;2023;2;19914;17793;22035
55092V1125799;Breivika;EV8 S2D1 m207;2023-03-01T00:00+01:00;2023-04-01T00:00+02:00;2023;3;2324;2076;2572
55092V1125799;Breivika;EV8 S2D1 m207;2023-03-01T00:00+01:00;2023-04-01T00:00+02:00;2023;3;4102;3732;4472
55092V1125799;Breivika;EV8 S2D1 m207;2023-03-01T00:00+01:00;2023-04-01T00:00+02:00;2023;3;7930;7187;8673
55092V1125799;Breivika;EV8 S2D1 m207;2023-03-01T00:00+01:00;2023-04-01T00:00+02:00;2023;3;5872;5279;6465
55092V1125799;Breivika;EV8 S2D1 m207;2023-03-01T00:00+01:00;2023-04-01T00:00+02:00;2023;3;10254;9269;11239
55092V1125799;Breivika;EV8 S2D1 m207;2023-03-01T00:00+01:00;2023-04-01T00:00+02:00;2023;3;9974;9018;10930
55092V1125799;Breivika;EV8 S2D1 m207;2023-03-01T00:00+01:00;2023-04-01T00:00+02:00;2023;3;20228;18288;22168
55092V1125799;Breivika;EV8 S2D1 m207;2023-04-01T00:00+02:00;2023-05-01T00:00+02:00;2023;4;1965;1657;2273
55092V1125799;Breivika;EV8 S2D1 m207;2023-04-01T00:00+02:00;2023-05-01T00:00+02:00;2023;4;3903;3342;4464
55092V1125799;Breivika;EV8 S2D1 m207;2023-04-01T00:00+02:00;2023-05-01T00:00+02:00;2023;4;7126;6087;8165
55092V1125799;Breivika;EV8 S2D1 m207;2023-04-01T00:00+02:00;2023-05-01T00:00+02:00;2023;4;4965;4204;5726
55092V1125799;Breivika;EV8 S2D1 m207;2023-04-01T00:00+02:00;2023-05-01T00:00+02:00;2023;4;9091;7745;10437
55092V1125799;Breivika;EV8 S2D1 m207;2023-04-01T00:00+02:00;2023-05-01T00:00+02:00;2023;4;8868;7549;10187
55092V1125799;Breivika;EV8 S2D1 m207;2023-04-01T00:00+02:00;2023-05-01T00:00+02:00;2023;4;17959;15295;20623
64888V1125917;Fartstavle Tverrforbindelsen;EV8 S1D1 m2385;2022-01-01T00:00+01:00;2022-02-01T00:00+01:00;2022;1;6133;5458;6808
64888V1125917;Fartstavle Tverrforbindelsen;EV8 S1D1 m2385;2022-01-01T00:00+01:00;2022-02-01T00:00+01:00;2022;1;6091;5412;6770
64888V1125917;Fartstavle Tverrforbindelsen;EV8 S1D1 m2385;2022-01-01T00:00+01:00;2022-02-01T00:00+01:00;2022;1;6134;5459;6809
64888V1125917;Fartstavle Tverrforbindelsen;EV8 S1D1 m2385;2022-01-01T00:00+01:00;2022-02-01T00:00+01:00;2022;1;6090;5411;6769
64888V1125917;Fartstavle Tverrforbindelsen;EV8 S1D1 m2385;2022-01-01T00:00+01:00;2022-02-01T00:00+01:00;2022;1;12224;10871;13577
64888V1125917;Fartstavle Tverrforbindelsen;EV8 S1D1 m2385;2022-02-01T00:00+01:00;2022-03-01T00:00+01:00;2022;2;6774;6116;7432
64888V1125917;Fartstavle Tverrforbindelsen;EV8 S1D1 m2385;2022-02-01T00:00+01:00;2022-03-01T00:00+01:00;2022;2;6850;6175;7525
64888V1125917;Fartstavle Tverrforbindelsen;EV8 S1D1 m2385;2022-02-01T00:00+01:00;2022-03-01T00:00+01:00;2022;2;6773;6116;7430
64888V1125917;Fartstavle Tverrforbindelsen;EV8 S1D1 m2385;2022-02-01T00:00+01:00;2022-03-01T00:00+01:00;2022;2;6851;6176;7526
64888V1125917;Fartstavle Tverrforbindelsen;EV8 S1D1 m2385;2022-02-01T00:00+01:00;2022-03-01T00:00+01:00;2022;2;13624;12293;14955
64888V1125917;Fartstavle Tverrforbindelsen;EV8 S1D1 m2385;2022-03-01T00:00+01:00;2022-04-01T00:00+02:00;2022;3;7192;6534;7850
64888V1125917;Fartstavle Tverrforbindelsen;EV8 S1D1 m2385;2022-03-01T00:00+01:00;2022-04-01T00:00+02:00;2022;3;7240;6579;7901
64888V1125917;Fartstavle Tverrforbindelsen;EV8 S1D1 m2385;2022-03-01T00:00+01:00;2022-04-01T00:00+02:00;2022;3;7192;6534;7850
64888V1125917;Fartstavle Tverrforbindelsen;EV8 S1D1 m2385;2022-03-01T00:00+01:00;2022-04-01T00:00+02:00;2022;3;7240;6579;7901
64888V1125917;Fartstavle Tverrforbindelsen;EV8 S1D1 m2385;2022-03-01T00:00+01:00;2022-04-01T00:00+02:00;2022;3;14432;13114;15750
64888V1125917;Fartstavle Tverrforbindelsen;EV8 S1D1 m2385;2022-04-01T00:00+02:00;2022-05-01T00:00+02:00;2022;4;6577;5695;7459
64888V1125917;Fartstavle Tverrforbindelsen;EV8 S1D1 m2385;2022-04-01T00:00+02:00;2022-05-01T00:00+02:00;2022;4;6651;5737;7565
64888V1125917;Fartstavle Tverrforbindelsen;EV8 S1D1 m2385;2022-04-01T00:00+02:00;2022-05-01T00:00+02:00;2022;4;6577;5695;7459
64888V1125917;Fartstavle Tverrforbindelsen;EV8 S1D1 m2385;2022-04-01T00:00+02:00;2022-05-01T00:00+02:00;2022;4;6651;5737;7565
64888V1125917;Fartstavle Tverrforbindelsen;EV8 S1D1 m2385;2022-04-01T00:00+02:00;2022-05-01T00:00+02:00;2022;4;13228;11432;15024
64888V1125917;Fartstavle Tverrforbindelsen;EV8 S1D1 m2385;2022-05-01T00:00+02:00;2022-06-01T00:00+02:00;2022;5;7298;6475;8121
64888V1125917;Fartstavle Tverrforbindelsen;EV8 S1D1 m2385;2022-05-01T00:00+02:00;2022-06-01T00:00+02:00;2022;5;7434;6574;8294
64888V1125917;Fartstavle Tverrforbindelsen;EV8 S1D1 m2385;2022-05-01T00:00+02:00;2022-06-01T00:00+02:00;2022;5;7299;6476;8122
64888V1125917;Fartstavle Tverrforbindelsen;EV8 S1D1 m2385;2022-05-01T00:00+02:00;2022-06-01T00:00+02:00;2022;5;7434;6574;8294
64888V1125917;Fartstavle Tverrforbindelsen;EV8 S1D1 m2385;2022-05-01T00:00+02:00;2022-06-01T00:00+02:00;2022;5;14732;13052;16412
64888V1125917;Fartstavle Tverrforbindelsen;EV8 S1D1 m2385;2022-06-01T00:00+02:00;2022-07-01T00:00+02:00;2022;6;7365;6621;8109
64888V1125917;Fartstavle Tverrforbindelsen;EV8 S1D1 m2385;2022-06-01T00:00+02:00;2022-07-01T00:00+02:00;2022;6;7511;6710;8312
64888V1125917;Fartstavle Tverrforbindelsen;EV8 S1D1 m2385;2022-06-01T00:00+02:00;2022-07-01T00:00+02:00;2022;6;7366;6622;8110
64888V1125917;Fartstavle Tverrforbindelsen;EV8 S1D1 m2385;2022-06-01T00:00+02:00;2022-07-01T00:00+02:00;2022;6;7511;6710;8312
64888V1125917;Fartstavle Tverrforbindelsen;EV8 S1D1 m2385;2022-06-01T00:00+02:00;2022-07-01T00:00+02:00;2022;6;14876;13333;16419
64888V1125917;Fartstavle Tverrforbindelsen;EV8 S1D1 m2385;2022-07-01T00:00+02:00;2022-08-01T00:00+02:00;2022;7;5220;4712;5728
64888V1125917;Fartstavle Tverrforbindelsen;EV8 S1D1 m2385;2022-07-01T00:00+02:00;2022-08-01T00:00+02:00;2022;7;5322;4775;5869
64888V1125917;Fartstavle Tverrforbindelsen;EV8 S1D1 m2385;2022-07-01T00:00+02:00;2022-08-01T00:00+02:00;2022;7;5220;4712;5728
64888V1125917;Fartstavle Tverrforbindelsen;EV8 S1D1 m2385;2022-07-01T00:00+02:00;2022-08-01T00:00+02:00;2022;7;5322;4775;5869
64888V1125917;Fartstavle Tverrforbindelsen;EV8 S1D1 m2385;2022-07-01T00:00+02:00;2022-08-01T00:00+02:00;2022;7;10542;9488;11596
64888V1125917;Fartstavle Tverrforbindelsen;EV8 S1D1 m2385;2022-08-01T00:00+02:00;2022-09-01T00:00+02:00;2022;8;6887;6220;7554
64888V1125917;Fartstavle Tverrforbindelsen;EV8 S1D1 m2385;2022-08-01T00:00+02:00;2022-09-01T00:00+02:00;2022;8;6974;6284;7664
64888V1125917;Fartstavle Tverrforbindelsen;EV8 S1D1 m2385;2022-08-01T00:00+02:00;2022-09-01T00:00+02:00;2022;8;6889;6222;7556
64888V1125917;Fartstavle Tverrforbindelsen;EV8 S1D1 m2385;2022-08-01T00:00+02:00;2022-09-01T00:00+02:00;2022;8;6972;6282;7662
64888V1125917;Fartstavle Tverrforbindelsen;EV8 S1D1 m2385;2022-08-01T00:00+02:00;2022-09-01T00:00+02:00;2022;8;13861;12505;15217
64888V1125917;Fartstavle Tverrforbindelsen;EV8 S1D1 m2385;2022-09-01T00:00+02:00;2022-10-01T00:00+02:00;2022;9;7651;6920;8382
64888V1125917;Fartstavle Tverrforbindelsen;EV8 S1D1 m2385;2022-09-01T00:00+02:00;2022-10-01T00:00+02:00;2022;9;7840;7064;8616
64888V1125917;Fartstavle Tverrforbindelsen;EV8 S1D1 m2385;2022-09-01T00:00+02:00;2022-10-01T00:00+02:00;2022;9;7649;6919;8379
64888V1125917;Fartstavle Tverrforbindelsen;EV8 S1D1 m2385;2022-09-01T00:00+02:00;2022-10-01T00:00+02:00;2022;9;7842;7066;8618
64888V1125917;Fartstavle Tverrforbindelsen;EV8 S1D1 m2385;2022-09-01T00:00+02:00;2022-10-01T00:00+02:00;2022;9;15492;13988;16996
64888V1125917;Fartstavle Tverrforbindelsen;EV8 S1D1 m2385;2022-10-01T00:00+02:00;2022-11-01T00:00+01:00;2022;10;7443;6693;8193
64888V1125917;Fartstavle Tverrforbindelsen;EV8 S1D1 m2385;2022-10-01T00:00+02:00;2022-11-01T00:00+01:00;2022;10;7600;6817;8383
64888V1125917;Fartstavle Tverrforbindelsen;EV8 S1D1 m2385;2022-10-01T00:00+02:00;2022-11-01T00:00+01:00;2022;10;7443;6693;8193
64888V1125917;Fartstavle Tverrforbindelsen;EV8 S1D1 m2385;2022-10-01T00:00+02:00;2022-11-01T00:00+01:00;2022;10;7600;6817;8383
64888V1125917;Fartstavle Tverrforbindelsen;EV8 S1D1 m2385;2022-10-01T00:00+02:00;2022-11-01T00:00+01:00;2022;10;15043;13511;16575
64888V1125917;Fartstavle Tverrforbindelsen;EV8 S1D1 m2385;2022-11-01T00:00+01:00;2022-12-01T00:00+01:00;2022;11;7479;6774;8184
64888V1125917;Fartstavle Tverrforbindelsen;EV8 S1D1 m2385;2022-11-01T00:00+01:00;2022-12-01T00:00+01:00;2022;11;7750;7003;8497
64888V1125917;Fartstavle Tverrforbindelsen;EV8 S1D1 m2385;2022-11-01T00:00+01:00;2022-12-01T00:00+01:00;2022;11;7479;6774;8184
64888V1125917;Fartstavle Tverrforbindelsen;EV8 S1D1 m2385;2022-11-01T00:00+01:00;2022-12-01T00:00+01:00;2022;11;7749;7002;8496
64888V1125917;Fartstavle Tverrforbindelsen;EV8 S1D1 m2385;2022-11-01T00:00+01:00;2022-12-01T00:00+01:00;2022;11;15229;13778;16680
64888V1125917;Fartstavle Tverrforbindelsen;EV8 S1D1 m2385;2022-12-01T00:00+01:00;2023-01-01T00:00+01:00;2022;12;6383;5618;7148
64888V1125917;Fartstavle Tverrforbindelsen;EV8 S1D1 m2385;2022-12-01T00:00+01:00;2023-01-01T00:00+01:00;2022;12;6707;5888;7526
64888V1125917;Fartstavle Tverrforbindelsen;EV8 S1D1 m2385;2022-12-01T00:00+01:00;2023-01-01T00:00+01:00;2022;12;6384;5619;7149
64888V1125917;Fartstavle Tverrforbindelsen;EV8 S1D1 m2385;2022-12-01T00:00+01:00;2023-01-01T00:00+01:00;2022;12;6707;5888;7526
64888V1125917;Fartstavle Tverrforbindelsen;EV8 S1D1 m2385;2022-12-01T00:00+01:00;2023-01-01T00:00+01:00;2022;12;13091;11510;14672
64888V1125917;Fartstavle Tverrforbindelsen;EV8 S1D1 m2385;2023-01-01T00:00+01:00;2023-02-01T00:00+01:00;2023;1;5921;5356;6486
64888V1125917;Fartstavle Tverrforbindelsen;EV8 S1D1 m2385;2023-01-01T00:00+01:00;2023-02-01T00:00+01:00;2023;1;6066;5469;6663
64888V1125917;Fartstavle Tverrforbindelsen;EV8 S1D1 m2385;2023-01-01T00:00+01:00;2023-02-01T00:00+01:00;2023;1;5921;5356;6486
64888V1125917;Fartstavle Tverrforbindelsen;EV8 S1D1 m2385;2023-01-01T00:00+01:00;2023-02-01T00:00+01:00;2023;1;6066;5469;6663
64888V1125917;Fartstavle Tverrforbindelsen;EV8 S1D1 m2385;2023-01-01T00:00+01:00;2023-02-01T00:00+01:00;2023;1;11987;10826;13148
64888V1125917;Fartstavle Tverrforbindelsen;EV8 S1D1 m2385;2023-02-01T00:00+01:00;2023-03-01T00:00+01:00;2023;2;6100;5501;6699
64888V1125917;Fartstavle Tverrforbindelsen;EV8 S1D1 m2385;2023-02-01T00:00+01:00;2023-03-01T00:00+01:00;2023;2;6289;5658;6920
64888V1125917;Fartstavle Tverrforbindelsen;EV8 S1D1 m2385;2023-02-01T00:00+01:00;2023-03-01T00:00+01:00;2023;2;6101;5502;6700
64888V1125917;Fartstavle Tverrforbindelsen;EV8 S1D1 m2385;2023-02-01T00:00+01:00;2023-03-01T00:00+01:00;2023;2;6289;5658;6920
64888V1125917;Fartstavle Tverrforbindelsen;EV8 S1D1 m2385;2023-02-01T00:00+01:00;2023-03-01T00:00+01:00;2023;2;12389;11160;13618
64888V1125917;Fartstavle Tverrforbindelsen;EV8 S1D1 m2385;2023-03-01T00:00+01:00;2023-04-01T00:00+02:00;2023;3;6140;5578;6702
64888V1125917;Fartstavle Tverrforbindelsen;EV8 S1D1 m2385;2023-03-01T00:00+01:00;2023-04-01T00:00+02:00;2023;3;6272;5686;6858
64888V1125917;Fartstavle Tverrforbindelsen;EV8 S1D1 m2385;2023-03-01T00:00+01:00;2023-04-01T00:00+02:00;2023;3;6140;5578;6702
64888V1125917;Fartstavle Tverrforbindelsen;EV8 S1D1 m2385;2023-03-01T00:00+01:00;2023-04-01T00:00+02:00;2023;3;6272;5686;6858
64888V1125917;Fartstavle Tverrforbindelsen;EV8 S1D1 m2385;2023-03-01T00:00+01:00;2023-04-01T00:00+02:00;2023;3;12412;11265;13559
64888V1125917;Fartstavle Tverrforbindelsen;EV8 S1D1 m2385;2023-04-01T00:00+02:00;2023-05-01T00:00+02:00;2023;4;5737;4915;6559
64888V1125917;Fartstavle Tverrforbindelsen;EV8 S1D1 m2385;2023-04-01T00:00+02:00;2023-05-01T00:00+02:00;2023;4;5895;5019;6771
64888V1125917;Fartstavle Tverrforbindelsen;EV8 S1D1 m2385;2023-04-01T00:00+02:00;2023-05-01T00:00+02:00;2023;4;5738;4916;6560
64888V1125917;Fartstavle Tverrforbindelsen;EV8 S1D1 m2385;2023-04-01T00:00+02:00;2023-05-01T00:00+02:00;2023;4;5894;5018;6770
64888V1125917;Fartstavle Tverrforbindelsen;EV8 S1D1 m2385;2023-04-01T00:00+02:00;2023-05-01T00:00+02:00;2023;4;11632;9935;13329
79743V1125914;TROMSØBRUA;FV862 S1D1 m1705;2022-01-01T00:00+01:00;2022-02-01T00:00+01:00;2022;1;8347;7867;8827
79743V1125914;TROMSØBRUA;FV862 S1D1 m1705;2022-01-01T00:00+01:00;2022-02-01T00:00+01:00;2022;1;8169;7661;8677
79743V1125914;TROMSØBRUA;FV862 S1D1 m1705;2022-01-01T00:00+01:00;2022-02-01T00:00+01:00;2022;1;8174;7665;8683
79743V1125914;TROMSØBRUA;FV862 S1D1 m1705;2022-01-01T00:00+01:00;2022-02-01T00:00+01:00;2022;1;8343;7864;8822
79743V1125914;TROMSØBRUA;FV862 S1D1 m1705;2022-01-01T00:00+01:00;2022-02-01T00:00+01:00;2022;1;16517;15531;17503
79743V1125914;TROMSØBRUA;FV862 S1D1 m1705;2022-02-01T00:00+01:00;2022-03-01T00:00+01:00;2022;2;9101;8727;9475
79743V1125914;TROMSØBRUA;FV862 S1D1 m1705;2022-02-01T00:00+01:00;2022-03-01T00:00+01:00;2022;2;8900;8506;9294
79743V1125914;TROMSØBRUA;FV862 S1D1 m1705;2022-02-01T00:00+01:00;2022-03-01T00:00+01:00;2022;2;8907;8512;9302
79743V1125914;TROMSØBRUA;FV862 S1D1 m1705;2022-02-01T00:00+01:00;2022-03-01T00:00+01:00;2022;2;9095;8721;9469
79743V1125914;TROMSØBRUA;FV862 S1D1 m1705;2022-02-01T00:00+01:00;2022-03-01T00:00+01:00;2022;2;18001;17236;18766
79743V1125914;TROMSØBRUA;FV862 S1D1 m1705;2022-03-01T00:00+01:00;2022-04-01T00:00+02:00;2022;3;9450;9138;9762
79743V1125914;TROMSØBRUA;FV862 S1D1 m1705;2022-03-01T00:00+01:00;2022-04-01T00:00+02:00;2022;3;9297;8964;9630
79743V1125914;TROMSØBRUA;FV862 S1D1 m1705;2022-03-01T00:00+01:00;2022-04-01T00:00+02:00;2022;3;9301;8967;9635
79743V1125914;TROMSØBRUA;FV862 S1D1 m1705;2022-03-01T00:00+01:00;2022-04-01T00:00+02:00;2022;3;9446;9134;9758
79743V1125914;TROMSØBRUA;FV862 S1D1 m1705;2022-03-01T00:00+01:00;2022-04-01T00:00+02:00;2022;3;18747;18108;19386
79743V1125914;TROMSØBRUA;FV862 S1D1 m1705;2022-04-01T00:00+02:00;2022-05-01T00:00+02:00;2022;4;9061;8438;9684
79743V1125914;TROMSØBRUA;FV862 S1D1 m1705;2022-04-01T00:00+02:00;2022-05-01T00:00+02:00;2022;4;8928;8250;9606
79743V1125914;TROMSØBRUA;FV862 S1D1 m1705;2022-04-01T00:00+02:00;2022-05-01T00:00+02:00;2022;4;8931;8253;9609
79743V1125914;TROMSØBRUA;FV862 S1D1 m1705;2022-04-01T00:00+02:00;2022-05-01T00:00+02:00;2022;4;9058;8435;9681
79743V1125914;TROMSØBRUA;FV862 S1D1 m1705;2022-04-01T00:00+02:00;2022-05-01T00:00+02:00;2022;4;17989;16707;19271
79743V1125914;TROMSØBRUA;FV862 S1D1 m1705;2022-05-01T00:00+02:00;2022-06-01T00:00+02:00;2022;5;9862;9339;10385
79743V1125914;TROMSØBRUA;FV862 S1D1 m1705;2022-05-01T00:00+02:00;2022-06-01T00:00+02:00;2022;5;9785;9219;10351
79743V1125914;TROMSØBRUA;FV862 S1D1 m1705;2022-05-01T00:00+02:00;2022-06-01T00:00+02:00;2022;5;9796;9230;10362
79743V1125914;TROMSØBRUA;FV862 S1D1 m1705;2022-05-01T00:00+02:00;2022-06-01T00:00+02:00;2022;5;9851;9328;10374
79743V1125914;TROMSØBRUA;FV862 S1D1 m1705;2022-05-01T00:00+02:00;2022-06-01T00:00+02:00;2022;5;19647;18563;20731
79743V1125914;TROMSØBRUA;FV862 S1D1 m1705;2022-06-01T00:00+02:00;2022-07-01T00:00+02:00;2022;6;10248;9777;10719
79743V1125914;TROMSØBRUA;FV862 S1D1 m1705;2022-06-01T00:00+02:00;2022-07-01T00:00+02:00;2022;6;10155;9642;10668
79743V1125914;TROMSØBRUA;FV862 S1D1 m1705;2022-06-01T00:00+02:00;2022-07-01T00:00+02:00;2022;6;10160;9646;10674
79743V1125914;TROMSØBRUA;FV862 S1D1 m1705;2022-06-01T00:00+02:00;2022-07-01T00:00+02:00;2022;6;10244;9774;10714
79743V1125914;TROMSØBRUA;FV862 S1D1 m1705;2022-06-01T00:00+02:00;2022-07-01T00:00+02:00;2022;6;20403;19425;21381
79743V1125914;TROMSØBRUA;FV862 S1D1 m1705;2022-07-01T00:00+02:00;2022-08-01T00:00+02:00;2022;7;8300;7967;8633
79743V1125914;TROMSØBRUA;FV862 S1D1 m1705;2022-07-01T00:00+02:00;2022-08-01T00:00+02:00;2022;7;8311;7908;8714
79743V1125914;TROMSØBRUA;FV862 S1D1 m1705;2022-07-01T00:00+02:00;2022-08-01T00:00+02:00;2022;7;8317;7913;8721
79743V1125914;TROMSØBRUA;FV862 S1D1 m1705;2022-07-01T00:00+02:00;2022-08-01T00:00+02:00;2022;7;8294;7961;8627
79743V1125914;TROMSØBRUA;FV862 S1D1 m1705;2022-07-01T00:00+02:00;2022-08-01T00:00+02:00;2022;7;16611;15883;17339
79743V1125914;TROMSØBRUA;FV862 S1D1 m1705;2022-08-01T00:00+02:00;2022-09-01T00:00+02:00;2022;8;9783;9398;10168
79743V1125914;TROMSØBRUA;FV862 S1D1 m1705;2022-08-01T00:00+02:00;2022-09-01T00:00+02:00;2022;8;9576;9160;9992
79743V1125914;TROMSØBRUA;FV862 S1D1 m1705;2022-08-01T00:00+02:00;2022-09-01T00:00+02:00;2022;8;9581;9165;9997
79743V1125914;TROMSØBRUA;FV862 S1D1 m1705;2022-08-01T00:00+02:00;2022-09-01T00:00+02:00;2022;8;9778;9394;10162
79743V1125914;TROMSØBRUA;FV862 S1D1 m1705;2022-08-01T00:00+02:00;2022-09-01T00:00+02:00;2022;8;19359;18564;20154
79743V1125914;TROMSØBRUA;FV862 S1D1 m1705;2022-09-01T00:00+02:00;2022-10-01T00:00+02:00;2022;9;10062;9767;10357
79743V1125914;TROMSØBRUA;FV862 S1D1 m1705;2022-09-01T00:00+02:00;2022-10-01T00:00+02:00;2022;9;9943;9572;10314
79743V1125914;TROMSØBRUA;FV862 S1D1 m1705;2022-09-01T00:00+02:00;2022-10-01T00:00+02:00;2022;9;9950;9578;10322
79743V1125914;TROMSØBRUA;FV862 S1D1 m1705;2022-09-01T00:00+02:00;2022-10-01T00:00+02:00;2022;9;10056;9762;10350
79743V1125914;TROMSØBRUA;FV862 S1D1 m1705;2022-09-01T00:00+02:00;2022-10-01T00:00+02:00;2022;9;20005;19347;20663
79743V1125914;TROMSØBRUA;FV862 S1D1 m1705;2022-10-01T00:00+02:00;2022-11-01T00:00+01:00;2022;10;9562;9188;9936
79743V1125914;TROMSØBRUA;FV862 S1D1 m1705;2022-10-01T00:00+02:00;2022-11-01T00:00+01:00;2022;10;9416;8983;9849
79743V1125914;TROMSØBRUA;FV862 S1D1 m1705;2022-10-01T00:00+02:00;2022-11-01T00:00+01:00;2022;10;9423;8989;9857
79743V1125914;TROMSØBRUA;FV862 S1D1 m1705;2022-10-01T00:00+02:00;2022-11-01T00:00+01:00;2022;10;9555;9182;9928
79743V1125914;TROMSØBRUA;FV862 S1D1 m1705;2022-10-01T00:00+02:00;2022-11-01T00:00+01:00;2022;10;18978;18176;19780
79743V1125914;TROMSØBRUA;FV862 S1D1 m1705;2022-11-01T00:00+01:00;2022-12-01T00:00+01:00;2022;11;9446;9104;9788
79743V1125914;TROMSØBRUA;FV862 S1D1 m1705;2022-11-01T00:00+01:00;2022-12-01T00:00+01:00;2022;11;9268;8916;9620
79743V1125914;TROMSØBRUA;FV862 S1D1 m1705;2022-11-01T00:00+01:00;2022-12-01T00:00+01:00;2022;11;9273;8920;9626
79743V1125914;TROMSØBRUA;FV862 S1D1 m1705;2022-11-01T00:00+01:00;2022-12-01T00:00+01:00;2022;11;9441;9099;9783
79743V1125914;TROMSØBRUA;FV862 S1D1 m1705;2022-11-01T00:00+01:00;2022-12-01T00:00+01:00;2022;11;18715;18023;19407
79743V1125914;TROMSØBRUA;FV862 S1D1 m1705;2022-12-01T00:00+01:00;2023-01-01T00:00+01:00;2022;12;9009;8395;9623
79743V1125914;TROMSØBRUA;FV862 S1D1 m1705;2022-12-01T00:00+01:00;2023-01-01T00:00+01:00;2022;12;8901;8285;9517
79743V1125914;TROMSØBRUA;FV862 S1D1 m1705;2022-12-01T00:00+01:00;2023-01-01T00:00+01:00;2022;12;8925;8309;9541
79743V1125914;TROMSØBRUA;FV862 S1D1 m1705;2022-12-01T00:00+01:00;2023-01-01T00:00+01:00;2022;12;8986;8373;9599
79743V1125914;TROMSØBRUA;FV862 S1D1 m1705;2022-12-01T00:00+01:00;2023-01-01T00:00+01:00;2022;12;17911;16684;19138
79743V1125914;TROMSØBRUA;FV862 S1D1 m1705;2023-01-01T00:00+01:00;2023-02-01T00:00+01:00;2023;1;7753;7442;8064
79743V1125914;TROMSØBRUA;FV862 S1D1 m1705;2023-01-01T00:00+01:00;2023-02-01T00:00+01:00;2023;1;7666;7315;8017
79743V1125914;TROMSØBRUA;FV862 S1D1 m1705;2023-01-01T00:00+01:00;2023-02-01T00:00+01:00;2023;1;7673;7321;8025
79743V1125914;TROMSØBRUA;FV862 S1D1 m1705;2023-01-01T00:00+01:00;2023-02-01T00:00+01:00;2023;1;7746;7436;8056
79743V1125914;TROMSØBRUA;FV862 S1D1 m1705;2023-01-01T00:00+01:00;2023-02-01T00:00+01:00;2023;1;15419;14763;16075
79743V1125914;TROMSØBRUA;FV862 S1D1 m1705;2023-02-01T00:00+01:00;2023-03-01T00:00+01:00;2023;2;8290;7937;8643
79743V1125914;TROMSØBRUA;FV862 S1D1 m1705;2023-02-01T00:00+01:00;2023-03-01T00:00+01:00;2023;2;8325;7854;8796
79743V1125914;TROMSØBRUA;FV862 S1D1 m1705;2023-02-01T00:00+01:00;2023-03-01T00:00+01:00;2023;2;8350;7889;8811
79743V1125914;TROMSØBRUA;FV862 S1D1 m1705;2023-02-01T00:00+01:00;2023-03-01T00:00+01:00;2023;2;8264;7901;8627
79743V1125914;TROMSØBRUA;FV862 S1D1 m1705;2023-02-01T00:00+01:00;2023-03-01T00:00+01:00;2023;2;16614;15809;17419
79743V1125914;TROMSØBRUA;FV862 S1D1 m1705;2023-03-01T00:00+01:00;2023-04-01T00:00+02:00;2023;3;8412;8104;8720
79743V1125914;TROMSØBRUA;FV862 S1D1 m1705;2023-03-01T00:00+01:00;2023-04-01T00:00+02:00;2023;3;8327;7979;8675
79743V1125914;TROMSØBRUA;FV862 S1D1 m1705;2023-03-01T00:00+01:00;2023-04-01T00:00+02:00;2023;3;8332;7984;8680
79743V1125914;TROMSØBRUA;FV862 S1D1 m1705;2023-03-01T00:00+01:00;2023-04-01T00:00+02:00;2023;3;8406;8098;8714
79743V1125914;TROMSØBRUA;FV862 S1D1 m1705;2023-03-01T00:00+01:00;2023-04-01T00:00+02:00;2023;3;16739;16091;17387
79743V1125914;TROMSØBRUA;FV862 S1D1 m1705;2023-04-01T00:00+02:00;2023-05-01T00:00+02:00;2023;4;8022;7432;8612
79743V1125914;TROMSØBRUA;FV862 S1D1 m1705;2023-04-01T00:00+02:00;2023-05-01T00:00+02:00;2023;4;7917;7302;8532
79743V1125914;TROMSØBRUA;FV862 S1D1 m1705;2023-04-01T00:00+02:00;2023-05-01T00:00+02:00;2023;4;7923;7307;8539
79743V1125914;TROMSØBRUA;FV862 S1D1 m1705;2023-04-01T00:00+02:00;2023-05-01T00:00+02:00;2023;4;8016;7427;8605
79743V1125914;TROMSØBRUA;FV862 S1D1 m1705;2023-04-01T00:00+02:00;2023-05-01T00:00+02:00;2023;4;15939;14755;17123
